<?xml version="1.0" encoding="UTF-8"?>
<gpx creator="StravaGPX" version="1.1" xmlns="http://www.topografix.com/GPX/1/1" xmlns:xsi="http://www.w3.org/2001/XMLSchema-instance" xsi:schemaLocation="http://www.topografix.com/GPX/1/1 http://www.topografix.com/GPX/1/1/gpx.xsd">
 <metadata>
  <name>Tsitsikamma Ultra (2026)</name>
  <author>
   <name>Johnny Wolf</name>
   <link href="https://www.strava.com/athletes/90010919"/>
  </author>
  <copyright author="OpenStreetMap contributors">
   <year>2020</year>
   <license>https://www.openstreetmap.org/copyright</license>
  </copyright>
  <link href="https://www.strava.com/routes/3522158146818965166"/>
 </metadata>
 <trk>
  <name>Tsitsikamma Ultra (2026)</name>
  <link href="https://www.strava.com/routes/3522158146818965166"/>
  <type>running</type>
  <trkseg>
   <trkpt lat="-33.9667" lon="23.93005">
    <ele>252.91000000000003</ele>
   </trkpt>
   <trkpt lat="-33.96656" lon="23.930000000000003">
    <ele>253.32000000000005</ele>
   </trkpt>
   <trkpt lat="-33.966370000000005" lon="23.92997">
    <ele>253.59000000000003</ele>
   </trkpt>
   <trkpt lat="-33.96593" lon="23.929910000000003">
    <ele>254.31000000000003</ele>
   </trkpt>
   <trkpt lat="-33.9656" lon="23.92978">
    <ele>254.66</ele>
   </trkpt>
   <trkpt lat="-33.96481" lon="23.929640000000003">
    <ele>256.47</ele>
   </trkpt>
   <trkpt lat="-33.96468" lon="23.9296">
    <ele>256.47</ele>
   </trkpt>
   <trkpt lat="-33.96457" lon="23.92968">
    <ele>256.62</ele>
   </trkpt>
   <trkpt lat="-33.96428" lon="23.9296">
    <ele>257.11</ele>
   </trkpt>
   <trkpt lat="-33.96369" lon="23.929520000000004">
    <ele>257.91</ele>
   </trkpt>
   <trkpt lat="-33.96325" lon="23.929360000000003">
    <ele>258.49</ele>
   </trkpt>
   <trkpt lat="-33.96307" lon="23.92921">
    <ele>258.61</ele>
   </trkpt>
   <trkpt lat="-33.96273" lon="23.929070000000003">
    <ele>258.74</ele>
   </trkpt>
   <trkpt lat="-33.96257" lon="23.928810000000002">
    <ele>259.15000000000003</ele>
   </trkpt>
   <trkpt lat="-33.96257" lon="23.92857">
    <ele>259.86</ele>
   </trkpt>
   <trkpt lat="-33.962450000000004" lon="23.928430000000002">
    <ele>259.99</ele>
   </trkpt>
   <trkpt lat="-33.96213" lon="23.9282">
    <ele>260.31000000000006</ele>
   </trkpt>
   <trkpt lat="-33.96175" lon="23.928020000000004">
    <ele>260.14000000000004</ele>
   </trkpt>
   <trkpt lat="-33.96166" lon="23.927850000000003">
    <ele>260.41</ele>
   </trkpt>
   <trkpt lat="-33.96148" lon="23.92772">
    <ele>260.70000000000005</ele>
   </trkpt>
   <trkpt lat="-33.96137" lon="23.927490000000002">
    <ele>260.8</ele>
   </trkpt>
   <trkpt lat="-33.96098" lon="23.92723">
    <ele>261.17</ele>
   </trkpt>
   <trkpt lat="-33.9609" lon="23.927090000000003">
    <ele>261.37000000000006</ele>
   </trkpt>
   <trkpt lat="-33.96076" lon="23.9267">
    <ele>263.49</ele>
   </trkpt>
   <trkpt lat="-33.96058" lon="23.926610000000004">
    <ele>263.93</ele>
   </trkpt>
   <trkpt lat="-33.960440000000006" lon="23.926610000000004">
    <ele>264.03000000000003</ele>
   </trkpt>
   <trkpt lat="-33.96029" lon="23.92648">
    <ele>265.16</ele>
   </trkpt>
   <trkpt lat="-33.96022" lon="23.926350000000003">
    <ele>266.3</ele>
   </trkpt>
   <trkpt lat="-33.96022" lon="23.925960000000003">
    <ele>268.17</ele>
   </trkpt>
   <trkpt lat="-33.96011" lon="23.925800000000002">
    <ele>268.65</ele>
   </trkpt>
   <trkpt lat="-33.96002" lon="23.925700000000003">
    <ele>269.33</ele>
   </trkpt>
   <trkpt lat="-33.95998" lon="23.925490000000003">
    <ele>270.23</ele>
   </trkpt>
   <trkpt lat="-33.9596" lon="23.925230000000003">
    <ele>274.5</ele>
   </trkpt>
   <trkpt lat="-33.95953" lon="23.92501">
    <ele>277.16</ele>
   </trkpt>
   <trkpt lat="-33.95942" lon="23.92481">
    <ele>278.69000000000005</ele>
   </trkpt>
   <trkpt lat="-33.95937" lon="23.924280000000003">
    <ele>281.25</ele>
   </trkpt>
   <trkpt lat="-33.95922" lon="23.923640000000002">
    <ele>287.03000000000003</ele>
   </trkpt>
   <trkpt lat="-33.95913" lon="23.9234">
    <ele>290.08</ele>
   </trkpt>
   <trkpt lat="-33.9591" lon="23.922860000000004">
    <ele>293.63</ele>
   </trkpt>
   <trkpt lat="-33.95893" lon="23.92263">
    <ele>295.04</ele>
   </trkpt>
   <trkpt lat="-33.9587" lon="23.921950000000002">
    <ele>300.78000000000003</ele>
   </trkpt>
   <trkpt lat="-33.95854" lon="23.92171">
    <ele>305.48</ele>
   </trkpt>
   <trkpt lat="-33.9583" lon="23.92142">
    <ele>313.35</ele>
   </trkpt>
   <trkpt lat="-33.95801" lon="23.92069">
    <ele>331.96000000000004</ele>
   </trkpt>
   <trkpt lat="-33.95794" lon="23.920260000000003">
    <ele>338.04</ele>
   </trkpt>
   <trkpt lat="-33.95788" lon="23.92003">
    <ele>341.0</ele>
   </trkpt>
   <trkpt lat="-33.95743" lon="23.919500000000003">
    <ele>350.46999999999997</ele>
   </trkpt>
   <trkpt lat="-33.95727" lon="23.919400000000003">
    <ele>351.81</ele>
   </trkpt>
   <trkpt lat="-33.95718" lon="23.919200000000004">
    <ele>352.73</ele>
   </trkpt>
   <trkpt lat="-33.95707" lon="23.919140000000002">
    <ele>352.73</ele>
   </trkpt>
   <trkpt lat="-33.95702" lon="23.919020000000003">
    <ele>353.49</ele>
   </trkpt>
   <trkpt lat="-33.956790000000005" lon="23.91878">
    <ele>355.00000000000006</ele>
   </trkpt>
   <trkpt lat="-33.9564" lon="23.918180000000003">
    <ele>352.98</ele>
   </trkpt>
   <trkpt lat="-33.95627" lon="23.917990000000003">
    <ele>351.98</ele>
   </trkpt>
   <trkpt lat="-33.95617" lon="23.91787">
    <ele>351.44</ele>
   </trkpt>
   <trkpt lat="-33.95555" lon="23.917320000000004">
    <ele>353.04</ele>
   </trkpt>
   <trkpt lat="-33.95532" lon="23.91709">
    <ele>352.89000000000004</ele>
   </trkpt>
   <trkpt lat="-33.9551" lon="23.91703">
    <ele>354.49</ele>
   </trkpt>
   <trkpt lat="-33.95496" lon="23.91684">
    <ele>356.62000000000006</ele>
   </trkpt>
   <trkpt lat="-33.95465" lon="23.91666">
    <ele>360.90000000000003</ele>
   </trkpt>
   <trkpt lat="-33.9544" lon="23.91627">
    <ele>367.17</ele>
   </trkpt>
   <trkpt lat="-33.95416" lon="23.916100000000004">
    <ele>369.61</ele>
   </trkpt>
   <trkpt lat="-33.95387" lon="23.916040000000002">
    <ele>371.81</ele>
   </trkpt>
   <trkpt lat="-33.95315" lon="23.91571">
    <ele>377.65000000000003</ele>
   </trkpt>
   <trkpt lat="-33.95286" lon="23.915470000000003">
    <ele>376.05000000000007</ele>
   </trkpt>
   <trkpt lat="-33.95266" lon="23.91506">
    <ele>370.99</ele>
   </trkpt>
   <trkpt lat="-33.952560000000005" lon="23.91495">
    <ele>370.99</ele>
   </trkpt>
   <trkpt lat="-33.95228" lon="23.91468">
    <ele>366.57</ele>
   </trkpt>
   <trkpt lat="-33.95216" lon="23.91466">
    <ele>364.73</ele>
   </trkpt>
   <trkpt lat="-33.95196" lon="23.914700000000003">
    <ele>361.89000000000004</ele>
   </trkpt>
   <trkpt lat="-33.95181" lon="23.91484">
    <ele>356.98</ele>
   </trkpt>
   <trkpt lat="-33.95165" lon="23.91516">
    <ele>353.12000000000006</ele>
   </trkpt>
   <trkpt lat="-33.9514" lon="23.915470000000003">
    <ele>346.66</ele>
   </trkpt>
   <trkpt lat="-33.95122" lon="23.91543">
    <ele>345.37</ele>
   </trkpt>
   <trkpt lat="-33.95111" lon="23.915200000000002">
    <ele>341.68</ele>
   </trkpt>
   <trkpt lat="-33.95105" lon="23.91514">
    <ele>341.68</ele>
   </trkpt>
   <trkpt lat="-33.9508" lon="23.915100000000002">
    <ele>335.61</ele>
   </trkpt>
   <trkpt lat="-33.9504" lon="23.915280000000003">
    <ele>329.88</ele>
   </trkpt>
   <trkpt lat="-33.95028" lon="23.915460000000003">
    <ele>327.15000000000003</ele>
   </trkpt>
   <trkpt lat="-33.95024" lon="23.915630000000004">
    <ele>324.63</ele>
   </trkpt>
   <trkpt lat="-33.95022" lon="23.915660000000003">
    <ele>323.88</ele>
   </trkpt>
   <trkpt lat="-33.95011" lon="23.915660000000003">
    <ele>323.07</ele>
   </trkpt>
   <trkpt lat="-33.94999" lon="23.91561">
    <ele>319.02000000000004</ele>
   </trkpt>
   <trkpt lat="-33.9499" lon="23.915640000000003">
    <ele>317.39</ele>
   </trkpt>
   <trkpt lat="-33.94975" lon="23.915660000000003">
    <ele>314.70000000000005</ele>
   </trkpt>
   <trkpt lat="-33.94961" lon="23.915550000000003">
    <ele>312.34</ele>
   </trkpt>
   <trkpt lat="-33.94948" lon="23.91512">
    <ele>305.07</ele>
   </trkpt>
   <trkpt lat="-33.94939" lon="23.91516">
    <ele>303.3</ele>
   </trkpt>
   <trkpt lat="-33.9493" lon="23.91525">
    <ele>301.26000000000005</ele>
   </trkpt>
   <trkpt lat="-33.94921" lon="23.915650000000003">
    <ele>299.21000000000004</ele>
   </trkpt>
   <trkpt lat="-33.94887" lon="23.91569">
    <ele>301.12</ele>
   </trkpt>
   <trkpt lat="-33.94865" lon="23.9154">
    <ele>297.37</ele>
   </trkpt>
   <trkpt lat="-33.94856" lon="23.915470000000003">
    <ele>297.64</ele>
   </trkpt>
   <trkpt lat="-33.94845" lon="23.916490000000003">
    <ele>309.95</ele>
   </trkpt>
   <trkpt lat="-33.947950000000006" lon="23.917070000000002">
    <ele>321.32000000000005</ele>
   </trkpt>
   <trkpt lat="-33.947950000000006" lon="23.917060000000003">
    <ele>321.32000000000005</ele>
   </trkpt>
   <trkpt lat="-33.947700000000005" lon="23.917540000000002">
    <ele>319.97</ele>
   </trkpt>
   <trkpt lat="-33.94737" lon="23.917990000000003">
    <ele>320.38000000000005</ele>
   </trkpt>
   <trkpt lat="-33.94715" lon="23.91813">
    <ele>318.73</ele>
   </trkpt>
   <trkpt lat="-33.9469" lon="23.91843">
    <ele>313.36</ele>
   </trkpt>
   <trkpt lat="-33.9465" lon="23.918570000000003">
    <ele>307.56</ele>
   </trkpt>
   <trkpt lat="-33.94643" lon="23.918750000000003">
    <ele>307.58000000000004</ele>
   </trkpt>
   <trkpt lat="-33.94617" lon="23.91908">
    <ele>310.13</ele>
   </trkpt>
   <trkpt lat="-33.94556" lon="23.919480000000004">
    <ele>317.11</ele>
   </trkpt>
   <trkpt lat="-33.94527" lon="23.92019">
    <ele>317.56</ele>
   </trkpt>
   <trkpt lat="-33.94516" lon="23.92058">
    <ele>319.71999999999997</ele>
   </trkpt>
   <trkpt lat="-33.94471" lon="23.92125">
    <ele>329.49</ele>
   </trkpt>
   <trkpt lat="-33.94444" lon="23.921470000000003">
    <ele>332.1</ele>
   </trkpt>
   <trkpt lat="-33.94424" lon="23.92153">
    <ele>333.46000000000004</ele>
   </trkpt>
   <trkpt lat="-33.94408" lon="23.921670000000002">
    <ele>333.40000000000003</ele>
   </trkpt>
   <trkpt lat="-33.94373" lon="23.922050000000002">
    <ele>332.44</ele>
   </trkpt>
   <trkpt lat="-33.94328" lon="23.922430000000002">
    <ele>332.81000000000006</ele>
   </trkpt>
   <trkpt lat="-33.94281" lon="23.922980000000003">
    <ele>333.32</ele>
   </trkpt>
   <trkpt lat="-33.94274" lon="23.92313">
    <ele>333.63000000000005</ele>
   </trkpt>
   <trkpt lat="-33.94236" lon="23.92367">
    <ele>334.95000000000005</ele>
   </trkpt>
   <trkpt lat="-33.9422" lon="23.924010000000003">
    <ele>331.40000000000003</ele>
   </trkpt>
   <trkpt lat="-33.94216" lon="23.924360000000004">
    <ele>328.13000000000005</ele>
   </trkpt>
   <trkpt lat="-33.941750000000006" lon="23.92473">
    <ele>323.99</ele>
   </trkpt>
   <trkpt lat="-33.94146" lon="23.92482">
    <ele>323.74</ele>
   </trkpt>
   <trkpt lat="-33.94133" lon="23.924750000000003">
    <ele>324.65000000000003</ele>
   </trkpt>
   <trkpt lat="-33.9412" lon="23.924500000000002">
    <ele>328.65000000000003</ele>
   </trkpt>
   <trkpt lat="-33.9412" lon="23.92423">
    <ele>332.38</ele>
   </trkpt>
   <trkpt lat="-33.94129" lon="23.92407">
    <ele>334.54</ele>
   </trkpt>
   <trkpt lat="-33.94131" lon="23.923830000000002">
    <ele>337.85</ele>
   </trkpt>
   <trkpt lat="-33.94122" lon="23.92368">
    <ele>340.12</ele>
   </trkpt>
   <trkpt lat="-33.94126" lon="23.923460000000002">
    <ele>343.58000000000004</ele>
   </trkpt>
   <trkpt lat="-33.94124" lon="23.922990000000002">
    <ele>349.2</ele>
   </trkpt>
   <trkpt lat="-33.94117" lon="23.922780000000003">
    <ele>352.89000000000004</ele>
   </trkpt>
   <trkpt lat="-33.94122" lon="23.922410000000003">
    <ele>356.49</ele>
   </trkpt>
   <trkpt lat="-33.94149" lon="23.9218">
    <ele>367.51</ele>
   </trkpt>
   <trkpt lat="-33.94146" lon="23.92122">
    <ele>375.38000000000005</ele>
   </trkpt>
   <trkpt lat="-33.94153" lon="23.92086">
    <ele>379.16</ele>
   </trkpt>
   <trkpt lat="-33.94162" lon="23.920710000000003">
    <ele>381.71000000000004</ele>
   </trkpt>
   <trkpt lat="-33.94171" lon="23.920070000000003">
    <ele>388.55</ele>
   </trkpt>
   <trkpt lat="-33.94158" lon="23.91974">
    <ele>393.88</ele>
   </trkpt>
   <trkpt lat="-33.94158" lon="23.919340000000002">
    <ele>398.89</ele>
   </trkpt>
   <trkpt lat="-33.94167" lon="23.918540000000004">
    <ele>415.90000000000003</ele>
   </trkpt>
   <trkpt lat="-33.94163" lon="23.91835">
    <ele>418.00000000000006</ele>
   </trkpt>
   <trkpt lat="-33.94155" lon="23.91823">
    <ele>420.72</ele>
   </trkpt>
   <trkpt lat="-33.94144" lon="23.917530000000003">
    <ele>428.94000000000005</ele>
   </trkpt>
   <trkpt lat="-33.94144" lon="23.917260000000002">
    <ele>430.69</ele>
   </trkpt>
   <trkpt lat="-33.94151" lon="23.916980000000002">
    <ele>436.4</ele>
   </trkpt>
   <trkpt lat="-33.94150000129835" lon="23.91641500038345">
    <ele>441.44000000000005</ele>
   </trkpt>
   <trkpt lat="-33.94149" lon="23.915850000000002">
    <ele>449.63</ele>
   </trkpt>
   <trkpt lat="-33.94158" lon="23.915480000000002">
    <ele>456.82000000000005</ele>
   </trkpt>
   <trkpt lat="-33.9416" lon="23.91478">
    <ele>464.71</ele>
   </trkpt>
   <trkpt lat="-33.9416" lon="23.91477">
    <ele>464.83</ele>
   </trkpt>
   <trkpt lat="-33.9416" lon="23.914610000000003">
    <ele>467.95000000000005</ele>
   </trkpt>
   <trkpt lat="-33.94153" lon="23.914050000000003">
    <ele>473.09000000000003</ele>
   </trkpt>
   <trkpt lat="-33.94155" lon="23.913660000000004">
    <ele>477.29</ele>
   </trkpt>
   <trkpt lat="-33.94144" lon="23.913100000000004">
    <ele>483.39000000000004</ele>
   </trkpt>
   <trkpt lat="-33.94146" lon="23.912950000000002">
    <ele>486.07000000000005</ele>
   </trkpt>
   <trkpt lat="-33.94138" lon="23.91241">
    <ele>491.89000000000004</ele>
   </trkpt>
   <trkpt lat="-33.94142" lon="23.91205">
    <ele>497.22</ele>
   </trkpt>
   <trkpt lat="-33.94135" lon="23.911220000000004">
    <ele>514.5300000000001</ele>
   </trkpt>
   <trkpt lat="-33.94117" lon="23.910470000000004">
    <ele>527.98</ele>
   </trkpt>
   <trkpt lat="-33.94108" lon="23.910320000000002">
    <ele>534.1700000000001</ele>
   </trkpt>
   <trkpt lat="-33.94111" lon="23.910050000000002">
    <ele>536.0100000000001</ele>
   </trkpt>
   <trkpt lat="-33.94099" lon="23.90943">
    <ele>546.07</ele>
   </trkpt>
   <trkpt lat="-33.94091" lon="23.909290000000002">
    <ele>546.62</ele>
   </trkpt>
   <trkpt lat="-33.94082" lon="23.908990000000003">
    <ele>551.76</ele>
   </trkpt>
   <trkpt lat="-33.94068" lon="23.908250000000002">
    <ele>560.62</ele>
   </trkpt>
   <trkpt lat="-33.94055" lon="23.907980000000002">
    <ele>565.0</ele>
   </trkpt>
   <trkpt lat="-33.94059" lon="23.907790000000002">
    <ele>569.67</ele>
   </trkpt>
   <trkpt lat="-33.94066" lon="23.907680000000003">
    <ele>571.6300000000001</ele>
   </trkpt>
   <trkpt lat="-33.9407" lon="23.906720000000004">
    <ele>590.7600000000001</ele>
   </trkpt>
   <trkpt lat="-33.94075" lon="23.90642">
    <ele>600.58</ele>
   </trkpt>
   <trkpt lat="-33.94088" lon="23.906060000000004">
    <ele>611.4200000000001</ele>
   </trkpt>
   <trkpt lat="-33.94122" lon="23.905810000000002">
    <ele>622.45</ele>
   </trkpt>
   <trkpt lat="-33.94126" lon="23.90536">
    <ele>635.9200000000001</ele>
   </trkpt>
   <trkpt lat="-33.94133" lon="23.905060000000002">
    <ele>643.94</ele>
   </trkpt>
   <trkpt lat="-33.94126" lon="23.90472">
    <ele>650.51</ele>
   </trkpt>
   <trkpt lat="-33.94129" lon="23.904230000000002">
    <ele>658.76</ele>
   </trkpt>
   <trkpt lat="-33.94122" lon="23.903660000000002">
    <ele>666.6</ele>
   </trkpt>
   <trkpt lat="-33.94124" lon="23.903470000000002">
    <ele>671.37</ele>
   </trkpt>
   <trkpt lat="-33.94117" lon="23.90285">
    <ele>676.51</ele>
   </trkpt>
   <trkpt lat="-33.9412" lon="23.902720000000002">
    <ele>683.7500000000001</ele>
   </trkpt>
   <trkpt lat="-33.94111" lon="23.902210000000004">
    <ele>691.01</ele>
   </trkpt>
   <trkpt lat="-33.94111" lon="23.902060000000002">
    <ele>693.23</ele>
   </trkpt>
   <trkpt lat="-33.94102" lon="23.901840000000004">
    <ele>696.7500000000001</ele>
   </trkpt>
   <trkpt lat="-33.94106" lon="23.901010000000003">
    <ele>717.65</ele>
   </trkpt>
   <trkpt lat="-33.94102" lon="23.90078">
    <ele>725.69</ele>
   </trkpt>
   <trkpt lat="-33.94077" lon="23.900290000000002">
    <ele>739.5100000000001</ele>
   </trkpt>
   <trkpt lat="-33.94073" lon="23.89974">
    <ele>735.6800000000001</ele>
   </trkpt>
   <trkpt lat="-33.94077" lon="23.89927">
    <ele>720.5400000000001</ele>
   </trkpt>
   <trkpt lat="-33.94064" lon="23.899070000000002">
    <ele>711.72</ele>
   </trkpt>
   <trkpt lat="-33.9407" lon="23.89889">
    <ele>705.61</ele>
   </trkpt>
   <trkpt lat="-33.940810000000006" lon="23.897930000000002">
    <ele>695.0</ele>
   </trkpt>
   <trkpt lat="-33.9407" lon="23.8977">
    <ele>692.1</ele>
   </trkpt>
   <trkpt lat="-33.94061" lon="23.89714">
    <ele>673.45</ele>
   </trkpt>
   <trkpt lat="-33.9405" lon="23.896990000000002">
    <ele>666.25</ele>
   </trkpt>
   <trkpt lat="-33.94037" lon="23.896630000000002">
    <ele>656.84</ele>
   </trkpt>
   <trkpt lat="-33.940270001444446" lon="23.8960349993809">
    <ele>648.1999999999999</ele>
   </trkpt>
   <trkpt lat="-33.94017" lon="23.89544">
    <ele>634.11</ele>
   </trkpt>
   <trkpt lat="-33.9401700013598" lon="23.894859999744412">
    <ele>627.3700000000001</ele>
   </trkpt>
   <trkpt lat="-33.94017" lon="23.894280000000002">
    <ele>622.6600000000001</ele>
   </trkpt>
   <trkpt lat="-33.94005" lon="23.893990000000002">
    <ele>616.89</ele>
   </trkpt>
   <trkpt lat="-33.94005" lon="23.89375">
    <ele>612.65</ele>
   </trkpt>
   <trkpt lat="-33.9399" lon="23.893320000000003">
    <ele>605.53</ele>
   </trkpt>
   <trkpt lat="-33.93992" lon="23.89307">
    <ele>599.6600000000001</ele>
   </trkpt>
   <trkpt lat="-33.93963" lon="23.892570000000003">
    <ele>593.53</ele>
   </trkpt>
   <trkpt lat="-33.93952" lon="23.892020000000002">
    <ele>585.26</ele>
   </trkpt>
   <trkpt lat="-33.93954" lon="23.89187">
    <ele>582.6300000000001</ele>
   </trkpt>
   <trkpt lat="-33.93952" lon="23.891540000000003">
    <ele>579.3600000000001</ele>
   </trkpt>
   <trkpt lat="-33.93967" lon="23.890900000000002">
    <ele>572.59</ele>
   </trkpt>
   <trkpt lat="-33.93934" lon="23.889960000000002">
    <ele>565.09</ele>
   </trkpt>
   <trkpt lat="-33.93912000326245" lon="23.88906499778745">
    <ele>557.7700000000001</ele>
   </trkpt>
   <trkpt lat="-33.938900000000004" lon="23.888170000000002">
    <ele>549.0</ele>
   </trkpt>
   <trkpt lat="-33.93867" lon="23.887400000000003">
    <ele>539.2600000000001</ele>
   </trkpt>
   <trkpt lat="-33.93842" lon="23.88707">
    <ele>528.64</ele>
   </trkpt>
   <trkpt lat="-33.93824" lon="23.88643">
    <ele>525.33</ele>
   </trkpt>
   <trkpt lat="-33.93813" lon="23.886210000000002">
    <ele>524.72</ele>
   </trkpt>
   <trkpt lat="-33.93811" lon="23.885730000000002">
    <ele>526.0400000000001</ele>
   </trkpt>
   <trkpt lat="-33.93795" lon="23.884900000000002">
    <ele>525.3500000000001</ele>
   </trkpt>
   <trkpt lat="-33.93806" lon="23.884430000000002">
    <ele>523.6500000000001</ele>
   </trkpt>
   <trkpt lat="-33.93804" lon="23.88419">
    <ele>521.7900000000001</ele>
   </trkpt>
   <trkpt lat="-33.93817" lon="23.88381">
    <ele>520.34</ele>
   </trkpt>
   <trkpt lat="-33.93817" lon="23.88359">
    <ele>518.69</ele>
   </trkpt>
   <trkpt lat="-33.93788" lon="23.883000000000003">
    <ele>516.1</ele>
   </trkpt>
   <trkpt lat="-33.937780001380474" lon="23.882409999150326">
    <ele>514.69</ele>
   </trkpt>
   <trkpt lat="-33.93768" lon="23.88182">
    <ele>512.1600000000001</ele>
   </trkpt>
   <trkpt lat="-33.93755" lon="23.881520000000002">
    <ele>510.24</ele>
   </trkpt>
   <trkpt lat="-33.93739" lon="23.880930000000003">
    <ele>508.16</ele>
   </trkpt>
   <trkpt lat="-33.93723" lon="23.8806">
    <ele>507.53000000000003</ele>
   </trkpt>
   <trkpt lat="-33.93717" lon="23.88015">
    <ele>504.0300000000001</ele>
   </trkpt>
   <trkpt lat="-33.93701" lon="23.879910000000002">
    <ele>502.56</ele>
   </trkpt>
   <trkpt lat="-33.93697" lon="23.87974">
    <ele>501.09000000000003</ele>
   </trkpt>
   <trkpt lat="-33.93701" lon="23.87946">
    <ele>498.70000000000005</ele>
   </trkpt>
   <trkpt lat="-33.936870000000006" lon="23.878600000000002">
    <ele>493.00000000000006</ele>
   </trkpt>
   <trkpt lat="-33.9369" lon="23.878390000000003">
    <ele>491.71000000000004</ele>
   </trkpt>
   <trkpt lat="-33.936773339734614" lon="23.877499997337747">
    <ele>488.66</ele>
   </trkpt>
   <trkpt lat="-33.936646673065894" lon="23.876609997323396">
    <ele>485.16</ele>
   </trkpt>
   <trkpt lat="-33.93652" lon="23.87572">
    <ele>475.46000000000004</ele>
   </trkpt>
   <trkpt lat="-33.93605" lon="23.874920000000003">
    <ele>461.5400000000001</ele>
   </trkpt>
   <trkpt lat="-33.93594" lon="23.87433">
    <ele>451.01</ele>
   </trkpt>
   <trkpt lat="-33.93576" lon="23.87421">
    <ele>446.81000000000006</ele>
   </trkpt>
   <trkpt lat="-33.93573" lon="23.87412">
    <ele>445.91</ele>
   </trkpt>
   <trkpt lat="-33.93571" lon="23.87376">
    <ele>439.27000000000004</ele>
   </trkpt>
   <trkpt lat="-33.93567" lon="23.873630000000002">
    <ele>436.06000000000006</ele>
   </trkpt>
   <trkpt lat="-33.93571" lon="23.87329">
    <ele>429.71000000000004</ele>
   </trkpt>
   <trkpt lat="-33.93567" lon="23.872860000000003">
    <ele>422.12000000000006</ele>
   </trkpt>
   <trkpt lat="-33.93558" lon="23.87289">
    <ele>421.44000000000005</ele>
   </trkpt>
   <trkpt lat="-33.93544" lon="23.873050000000003">
    <ele>421.02000000000004</ele>
   </trkpt>
   <trkpt lat="-33.93495" lon="23.873880000000003">
    <ele>422.36</ele>
   </trkpt>
   <trkpt lat="-33.93464" lon="23.873900000000003">
    <ele>421.73</ele>
   </trkpt>
   <trkpt lat="-33.93446" lon="23.87403">
    <ele>422.73</ele>
   </trkpt>
   <trkpt lat="-33.93441" lon="23.874350000000003">
    <ele>423.06000000000006</ele>
   </trkpt>
   <trkpt lat="-33.93435" lon="23.874570000000002">
    <ele>422.36</ele>
   </trkpt>
   <trkpt lat="-33.934200000000004" lon="23.874820000000003">
    <ele>421.15000000000003</ele>
   </trkpt>
   <trkpt lat="-33.93421" lon="23.874820000000003">
    <ele>421.15000000000003</ele>
   </trkpt>
   <trkpt lat="-33.93383" lon="23.875490000000003">
    <ele>415.93</ele>
   </trkpt>
   <trkpt lat="-33.93379" lon="23.875500000000002">
    <ele>413.93</ele>
   </trkpt>
   <trkpt lat="-33.9337" lon="23.875030000000002">
    <ele>407.0</ele>
   </trkpt>
   <trkpt lat="-33.93347" lon="23.875420000000002">
    <ele>410.04</ele>
   </trkpt>
   <trkpt lat="-33.93336" lon="23.875490000000003">
    <ele>411.18000000000006</ele>
   </trkpt>
   <trkpt lat="-33.933" lon="23.87461">
    <ele>413.93</ele>
   </trkpt>
   <trkpt lat="-33.93264" lon="23.874370000000003">
    <ele>410.45000000000005</ele>
   </trkpt>
   <trkpt lat="-33.93251" lon="23.874190000000002">
    <ele>407.80000000000007</ele>
   </trkpt>
   <trkpt lat="-33.93253" lon="23.87411">
    <ele>407.66</ele>
   </trkpt>
   <trkpt lat="-33.93264" lon="23.874000000000002">
    <ele>408.46000000000004</ele>
   </trkpt>
   <trkpt lat="-33.93267" lon="23.873880000000003">
    <ele>410.23</ele>
   </trkpt>
   <trkpt lat="-33.93262" lon="23.873790000000003">
    <ele>411.33000000000004</ele>
   </trkpt>
   <trkpt lat="-33.9326" lon="23.873350000000002">
    <ele>414.82</ele>
   </trkpt>
   <trkpt lat="-33.93256" lon="23.87319">
    <ele>416.35</ele>
   </trkpt>
   <trkpt lat="-33.93235" lon="23.87281">
    <ele>420.53000000000003</ele>
   </trkpt>
   <trkpt lat="-33.9322" lon="23.87236">
    <ele>422.29</ele>
   </trkpt>
   <trkpt lat="-33.93231" lon="23.87196">
    <ele>423.17</ele>
   </trkpt>
   <trkpt lat="-33.93242" lon="23.871740000000003">
    <ele>423.46000000000004</ele>
   </trkpt>
   <trkpt lat="-33.93249" lon="23.871370000000002">
    <ele>424.53000000000003</ele>
   </trkpt>
   <trkpt lat="-33.93251" lon="23.87096">
    <ele>425.55</ele>
   </trkpt>
   <trkpt lat="-33.93247" lon="23.87067">
    <ele>426.47</ele>
   </trkpt>
   <trkpt lat="-33.93251" lon="23.87049">
    <ele>426.61</ele>
   </trkpt>
   <trkpt lat="-33.93285" lon="23.869580000000003">
    <ele>422.67</ele>
   </trkpt>
   <trkpt lat="-33.93314" lon="23.86917">
    <ele>417.77000000000004</ele>
   </trkpt>
   <trkpt lat="-33.93334" lon="23.868290000000002">
    <ele>406.36000000000007</ele>
   </trkpt>
   <trkpt lat="-33.93336" lon="23.86804">
    <ele>409.30000000000007</ele>
   </trkpt>
   <trkpt lat="-33.933130000000006" lon="23.8672">
    <ele>426.50000000000006</ele>
   </trkpt>
   <trkpt lat="-33.93296" lon="23.867030000000003">
    <ele>432.18</ele>
   </trkpt>
   <trkpt lat="-33.93287" lon="23.86679">
    <ele>434.87</ele>
   </trkpt>
   <trkpt lat="-33.93278" lon="23.865900000000003">
    <ele>458.5</ele>
   </trkpt>
   <trkpt lat="-33.93289" lon="23.86531">
    <ele>470.39000000000004</ele>
   </trkpt>
   <trkpt lat="-33.9328550027079" lon="23.864489999433943">
    <ele>494.62000000000006</ele>
   </trkpt>
   <trkpt lat="-33.93282" lon="23.863670000000003">
    <ele>511.09000000000003</ele>
   </trkpt>
   <trkpt lat="-33.93267" lon="23.86333">
    <ele>518.25</ele>
   </trkpt>
   <trkpt lat="-33.9326" lon="23.863090000000003">
    <ele>523.21</ele>
   </trkpt>
   <trkpt lat="-33.93256" lon="23.86257">
    <ele>531.5500000000001</ele>
   </trkpt>
   <trkpt lat="-33.93235" lon="23.86164">
    <ele>549.44</ele>
   </trkpt>
   <trkpt lat="-33.93235" lon="23.861400000000003">
    <ele>552.8100000000001</ele>
   </trkpt>
   <trkpt lat="-33.9322" lon="23.860940000000003">
    <ele>560.71</ele>
   </trkpt>
   <trkpt lat="-33.93213" lon="23.860010000000003">
    <ele>573.62</ele>
   </trkpt>
   <trkpt lat="-33.93191" lon="23.8593">
    <ele>588.7600000000001</ele>
   </trkpt>
   <trkpt lat="-33.931630000000006" lon="23.858960000000003">
    <ele>590.1800000000001</ele>
   </trkpt>
   <trkpt lat="-33.93117" lon="23.85817">
    <ele>595.32</ele>
   </trkpt>
   <trkpt lat="-33.93106" lon="23.85762">
    <ele>605.86</ele>
   </trkpt>
   <trkpt lat="-33.930780000000006" lon="23.85678">
    <ele>622.0</ele>
   </trkpt>
   <trkpt lat="-33.93074" lon="23.856330000000003">
    <ele>633.29</ele>
   </trkpt>
   <trkpt lat="-33.93061" lon="23.856">
    <ele>643.5200000000001</ele>
   </trkpt>
   <trkpt lat="-33.93059" lon="23.855590000000003">
    <ele>651.05</ele>
   </trkpt>
   <trkpt lat="-33.93029" lon="23.855230000000002">
    <ele>660.7700000000001</ele>
   </trkpt>
   <trkpt lat="-33.93" lon="23.855110000000003">
    <ele>666.03</ele>
   </trkpt>
   <trkpt lat="-33.92991" lon="23.85498">
    <ele>667.3100000000001</ele>
   </trkpt>
   <trkpt lat="-33.92973" lon="23.854870000000002">
    <ele>669.48</ele>
   </trkpt>
   <trkpt lat="-33.92949" lon="23.85453">
    <ele>675.33</ele>
   </trkpt>
   <trkpt lat="-33.92944" lon="23.854390000000002">
    <ele>679.5600000000001</ele>
   </trkpt>
   <trkpt lat="-33.92931" lon="23.854290000000002">
    <ele>682.4</ele>
   </trkpt>
   <trkpt lat="-33.92924" lon="23.854010000000002">
    <ele>686.7200000000001</ele>
   </trkpt>
   <trkpt lat="-33.929190000000006" lon="23.853920000000002">
    <ele>687.6600000000001</ele>
   </trkpt>
   <trkpt lat="-33.92909" lon="23.85386">
    <ele>690.69</ele>
   </trkpt>
   <trkpt lat="-33.92875" lon="23.85339">
    <ele>699.82</ele>
   </trkpt>
   <trkpt lat="-33.92821" lon="23.852860000000003">
    <ele>702.6300000000001</ele>
   </trkpt>
   <trkpt lat="-33.92779" lon="23.852110000000003">
    <ele>693.83</ele>
   </trkpt>
   <trkpt lat="-33.92776" lon="23.851770000000002">
    <ele>689.24</ele>
   </trkpt>
   <trkpt lat="-33.92763" lon="23.851280000000003">
    <ele>684.95</ele>
   </trkpt>
   <trkpt lat="-33.92757500240423" lon="23.85050999961556">
    <ele>681.8100000000001</ele>
   </trkpt>
   <trkpt lat="-33.92752" lon="23.84974">
    <ele>675.7700000000001</ele>
   </trkpt>
   <trkpt lat="-33.92759" lon="23.849570000000003">
    <ele>673.4100000000001</ele>
   </trkpt>
   <trkpt lat="-33.92759" lon="23.849310000000003">
    <ele>671.3</ele>
   </trkpt>
   <trkpt lat="-33.92763" lon="23.84916">
    <ele>670.07</ele>
   </trkpt>
   <trkpt lat="-33.92759" lon="23.84887">
    <ele>669.21</ele>
   </trkpt>
   <trkpt lat="-33.92759500142953" lon="23.84827500018309">
    <ele>664.12</ele>
   </trkpt>
   <trkpt lat="-33.927600000000005" lon="23.84768">
    <ele>658.0</ele>
   </trkpt>
   <trkpt lat="-33.92747" lon="23.847060000000003">
    <ele>654.02</ele>
   </trkpt>
   <trkpt lat="-33.927490000000006" lon="23.846380000000003">
    <ele>645.75</ele>
   </trkpt>
   <trkpt lat="-33.927490000000006" lon="23.84637">
    <ele>645.1</ele>
   </trkpt>
   <trkpt lat="-33.92743500191849" lon="23.845679999483608">
    <ele>635.1600000000001</ele>
   </trkpt>
   <trkpt lat="-33.92738" lon="23.844990000000003">
    <ele>632.9300000000001</ele>
   </trkpt>
   <trkpt lat="-33.92721" lon="23.84466">
    <ele>634.4399999999999</ele>
   </trkpt>
   <trkpt lat="-33.92712" lon="23.84421">
    <ele>632.8900000000001</ele>
   </trkpt>
   <trkpt lat="-33.92725" lon="23.84382">
    <ele>628.9</ele>
   </trkpt>
   <trkpt lat="-33.92736" lon="23.84288">
    <ele>622.6400000000001</ele>
   </trkpt>
   <trkpt lat="-33.92734" lon="23.842570000000002">
    <ele>622.1500000000001</ele>
   </trkpt>
   <trkpt lat="-33.92736" lon="23.842180000000003">
    <ele>621.17</ele>
   </trkpt>
   <trkpt lat="-33.92747" lon="23.842080000000003">
    <ele>621.74</ele>
   </trkpt>
   <trkpt lat="-33.92759" lon="23.84186">
    <ele>621.34</ele>
   </trkpt>
   <trkpt lat="-33.92754" lon="23.841450000000002">
    <ele>619.9100000000001</ele>
   </trkpt>
   <trkpt lat="-33.92745" lon="23.841140000000003">
    <ele>619.44</ele>
   </trkpt>
   <trkpt lat="-33.92743" lon="23.84091">
    <ele>617.9100000000001</ele>
   </trkpt>
   <trkpt lat="-33.9275" lon="23.83986">
    <ele>605.53</ele>
   </trkpt>
   <trkpt lat="-33.92763" lon="23.839080000000003">
    <ele>591.99</ele>
   </trkpt>
   <trkpt lat="-33.92797" lon="23.839060000000003">
    <ele>581.0000000000001</ele>
   </trkpt>
   <trkpt lat="-33.92832" lon="23.83931">
    <ele>572.58</ele>
   </trkpt>
   <trkpt lat="-33.92866" lon="23.839360000000003">
    <ele>565.12</ele>
   </trkpt>
   <trkpt lat="-33.928740000000005" lon="23.839430000000004">
    <ele>560.0</ele>
   </trkpt>
   <trkpt lat="-33.92886" lon="23.839260000000003">
    <ele>556.95</ele>
   </trkpt>
   <trkpt lat="-33.92897" lon="23.838430000000002">
    <ele>547.59</ele>
   </trkpt>
   <trkpt lat="-33.929190000000006" lon="23.83782">
    <ele>537.5699999999999</ele>
   </trkpt>
   <trkpt lat="-33.92953" lon="23.837560000000003">
    <ele>528.9</ele>
   </trkpt>
   <trkpt lat="-33.9296" lon="23.83755">
    <ele>525.2</ele>
   </trkpt>
   <trkpt lat="-33.92967" lon="23.83736">
    <ele>522.3100000000001</ele>
   </trkpt>
   <trkpt lat="-33.92965" lon="23.836990000000004">
    <ele>520.44</ele>
   </trkpt>
   <trkpt lat="-33.92956" lon="23.836650000000002">
    <ele>521.46</ele>
   </trkpt>
   <trkpt lat="-33.9296" lon="23.836370000000002">
    <ele>521.9200000000001</ele>
   </trkpt>
   <trkpt lat="-33.92958" lon="23.835820000000002">
    <ele>520.09</ele>
   </trkpt>
   <trkpt lat="-33.92951" lon="23.835700000000003">
    <ele>519.35</ele>
   </trkpt>
   <trkpt lat="-33.92956" lon="23.83547">
    <ele>516.97</ele>
   </trkpt>
   <trkpt lat="-33.92976" lon="23.834970000000002">
    <ele>511.46000000000004</ele>
   </trkpt>
   <trkpt lat="-33.92982" lon="23.834940000000003">
    <ele>510.59</ele>
   </trkpt>
   <trkpt lat="-33.92991" lon="23.83464">
    <ele>507.73</ele>
   </trkpt>
   <trkpt lat="-33.93023" lon="23.83405">
    <ele>501.92</ele>
   </trkpt>
   <trkpt lat="-33.93043" lon="23.833930000000002">
    <ele>499.8</ele>
   </trkpt>
   <trkpt lat="-33.9305" lon="23.83314">
    <ele>488.8500000000001</ele>
   </trkpt>
   <trkpt lat="-33.93065" lon="23.83209">
    <ele>474.79</ele>
   </trkpt>
   <trkpt lat="-33.9307" lon="23.831970000000002">
    <ele>473.44</ele>
   </trkpt>
   <trkpt lat="-33.93074" lon="23.831280000000003">
    <ele>468.41</ele>
   </trkpt>
   <trkpt lat="-33.93088" lon="23.830710000000003">
    <ele>460.53000000000003</ele>
   </trkpt>
   <trkpt lat="-33.930835001353884" lon="23.830129999619725">
    <ele>453.62</ele>
   </trkpt>
   <trkpt lat="-33.93079" lon="23.82955">
    <ele>446.73</ele>
   </trkpt>
   <trkpt lat="-33.93085" lon="23.82928">
    <ele>437.7300000000001</ele>
   </trkpt>
   <trkpt lat="-33.93097" lon="23.82901">
    <ele>436.05</ele>
   </trkpt>
   <trkpt lat="-33.93106" lon="23.8286">
    <ele>429.24</ele>
   </trkpt>
   <trkpt lat="-33.93112" lon="23.82807">
    <ele>417.80000000000007</ele>
   </trkpt>
   <trkpt lat="-33.93112" lon="23.82776">
    <ele>414.87</ele>
   </trkpt>
   <trkpt lat="-33.93117" lon="23.82712">
    <ele>402.88</ele>
   </trkpt>
   <trkpt lat="-33.93117" lon="23.82675">
    <ele>397.22</ele>
   </trkpt>
   <trkpt lat="-33.93121" lon="23.826590000000003">
    <ele>395.25000000000006</ele>
   </trkpt>
   <trkpt lat="-33.93132" lon="23.82636">
    <ele>393.57000000000005</ele>
   </trkpt>
   <trkpt lat="-33.93179" lon="23.82571">
    <ele>390.19000000000005</ele>
   </trkpt>
   <trkpt lat="-33.93222" lon="23.825680000000002">
    <ele>386.35</ele>
   </trkpt>
   <trkpt lat="-33.93276" lon="23.825550000000003">
    <ele>381.24</ele>
   </trkpt>
   <trkpt lat="-33.93334" lon="23.8256">
    <ele>373.91</ele>
   </trkpt>
   <trkpt lat="-33.93401" lon="23.8256">
    <ele>366.17</ele>
   </trkpt>
   <trkpt lat="-33.93432" lon="23.82544">
    <ele>361.26</ele>
   </trkpt>
   <trkpt lat="-33.93453" lon="23.824720000000003">
    <ele>352.83000000000004</ele>
   </trkpt>
   <trkpt lat="-33.93468" lon="23.82448">
    <ele>348.48</ele>
   </trkpt>
   <trkpt lat="-33.93484" lon="23.824340000000003">
    <ele>343.72</ele>
   </trkpt>
   <trkpt lat="-33.93488" lon="23.824160000000003">
    <ele>342.22</ele>
   </trkpt>
   <trkpt lat="-33.93477" lon="23.82413">
    <ele>342.83000000000004</ele>
   </trkpt>
   <trkpt lat="-33.9347" lon="23.824060000000003">
    <ele>344.13000000000005</ele>
   </trkpt>
   <trkpt lat="-33.9347" lon="23.823860000000003">
    <ele>345.41</ele>
   </trkpt>
   <trkpt lat="-33.93479" lon="23.823570000000004">
    <ele>347.48</ele>
   </trkpt>
   <trkpt lat="-33.935" lon="23.823300000000003">
    <ele>350.68000000000006</ele>
   </trkpt>
   <trkpt lat="-33.93522" lon="23.82306">
    <ele>354.27000000000004</ele>
   </trkpt>
   <trkpt lat="-33.9354" lon="23.823010000000004">
    <ele>354.83000000000004</ele>
   </trkpt>
   <trkpt lat="-33.9354" lon="23.822940000000003">
    <ele>354.47</ele>
   </trkpt>
   <trkpt lat="-33.93538" lon="23.82289">
    <ele>353.99</ele>
   </trkpt>
   <trkpt lat="-33.93531" lon="23.822840000000003">
    <ele>352.53000000000003</ele>
   </trkpt>
   <trkpt lat="-33.93484" lon="23.82223">
    <ele>344.16</ele>
   </trkpt>
   <trkpt lat="-33.93479" lon="23.82214">
    <ele>342.86000000000007</ele>
   </trkpt>
   <trkpt lat="-33.93477" lon="23.822020000000002">
    <ele>340.74</ele>
   </trkpt>
   <trkpt lat="-33.93466" lon="23.821890000000003">
    <ele>338.96000000000004</ele>
   </trkpt>
   <trkpt lat="-33.93461" lon="23.82176">
    <ele>335.98</ele>
   </trkpt>
   <trkpt lat="-33.93461" lon="23.82157">
    <ele>332.07000000000005</ele>
   </trkpt>
   <trkpt lat="-33.93466" lon="23.821440000000003">
    <ele>325.57</ele>
   </trkpt>
   <trkpt lat="-33.93493" lon="23.82137">
    <ele>319.52000000000004</ele>
   </trkpt>
   <trkpt lat="-33.93511" lon="23.821230000000003">
    <ele>318.57</ele>
   </trkpt>
   <trkpt lat="-33.93517" lon="23.821040000000004">
    <ele>324.24</ele>
   </trkpt>
   <trkpt lat="-33.93517" lon="23.82103">
    <ele>323.70000000000005</ele>
   </trkpt>
   <trkpt lat="-33.93531" lon="23.82054">
    <ele>329.0</ele>
   </trkpt>
   <trkpt lat="-33.93569" lon="23.82017">
    <ele>323.44</ele>
   </trkpt>
   <trkpt lat="-33.93571" lon="23.82007">
    <ele>322.84000000000003</ele>
   </trkpt>
   <trkpt lat="-33.93587" lon="23.819860000000002">
    <ele>319.20000000000005</ele>
   </trkpt>
   <trkpt lat="-33.93598" lon="23.81921">
    <ele>318.23</ele>
   </trkpt>
   <trkpt lat="-33.93591" lon="23.818880000000004">
    <ele>319.08000000000004</ele>
   </trkpt>
   <trkpt lat="-33.93569" lon="23.81839">
    <ele>311.1</ele>
   </trkpt>
   <trkpt lat="-33.93576" lon="23.81811">
    <ele>306.22</ele>
   </trkpt>
   <trkpt lat="-33.93573" lon="23.81803">
    <ele>304.81</ele>
   </trkpt>
   <trkpt lat="-33.93576" lon="23.817940000000004">
    <ele>304.41</ele>
   </trkpt>
   <trkpt lat="-33.93576" lon="23.817760000000003">
    <ele>304.68</ele>
   </trkpt>
   <trkpt lat="-33.93587" lon="23.817700000000002">
    <ele>306.63</ele>
   </trkpt>
   <trkpt lat="-33.93594" lon="23.81763">
    <ele>308.65000000000003</ele>
   </trkpt>
   <trkpt lat="-33.93585" lon="23.817390000000003">
    <ele>313.67</ele>
   </trkpt>
   <trkpt lat="-33.93578" lon="23.81706">
    <ele>321.74</ele>
   </trkpt>
   <trkpt lat="-33.93553" lon="23.816580000000002">
    <ele>331.39</ele>
   </trkpt>
   <trkpt lat="-33.93553" lon="23.81651">
    <ele>331.39</ele>
   </trkpt>
   <trkpt lat="-33.93517" lon="23.81595">
    <ele>343.71000000000004</ele>
   </trkpt>
   <trkpt lat="-33.935015001666095" lon="23.815294998520496">
    <ele>353.88</ele>
   </trkpt>
   <trkpt lat="-33.93486" lon="23.81464">
    <ele>370.03000000000003</ele>
   </trkpt>
   <trkpt lat="-33.93482" lon="23.81456">
    <ele>371.33000000000004</ele>
   </trkpt>
   <trkpt lat="-33.93479" lon="23.814480000000003">
    <ele>372.56000000000006</ele>
   </trkpt>
   <trkpt lat="-33.93473" lon="23.814390000000003">
    <ele>375.89000000000004</ele>
   </trkpt>
   <trkpt lat="-33.93461" lon="23.814020000000003">
    <ele>380.88000000000005</ele>
   </trkpt>
   <trkpt lat="-33.93459" lon="23.813550000000003">
    <ele>386.49000000000007</ele>
   </trkpt>
   <trkpt lat="-33.93453" lon="23.81311">
    <ele>393.47</ele>
   </trkpt>
   <trkpt lat="-33.93437" lon="23.812820000000002">
    <ele>399.77</ele>
   </trkpt>
   <trkpt lat="-33.93421" lon="23.812720000000002">
    <ele>408.32</ele>
   </trkpt>
   <trkpt lat="-33.93394" lon="23.81266">
    <ele>412.24000000000007</ele>
   </trkpt>
   <trkpt lat="-33.93379" lon="23.81249">
    <ele>420.44000000000005</ele>
   </trkpt>
   <trkpt lat="-33.9337" lon="23.812330000000003">
    <ele>425.06000000000006</ele>
   </trkpt>
   <trkpt lat="-33.93365" lon="23.81208">
    <ele>429.48</ele>
   </trkpt>
   <trkpt lat="-33.93367" lon="23.812">
    <ele>431.24</ele>
   </trkpt>
   <trkpt lat="-33.93365" lon="23.811790000000002">
    <ele>434.15000000000003</ele>
   </trkpt>
   <trkpt lat="-33.93361" lon="23.811660000000003">
    <ele>438.64000000000004</ele>
   </trkpt>
   <trkpt lat="-33.93361" lon="23.81161">
    <ele>438.64000000000004</ele>
   </trkpt>
   <trkpt lat="-33.933550000000004" lon="23.81152">
    <ele>441.00000000000006</ele>
   </trkpt>
   <trkpt lat="-33.93338" lon="23.81116">
    <ele>452.51</ele>
   </trkpt>
   <trkpt lat="-33.93332" lon="23.810910000000003">
    <ele>462.6</ele>
   </trkpt>
   <trkpt lat="-33.93323" lon="23.81068">
    <ele>468.63000000000005</ele>
   </trkpt>
   <trkpt lat="-33.93294" lon="23.810170000000003">
    <ele>481.23</ele>
   </trkpt>
   <trkpt lat="-33.933" lon="23.80946">
    <ele>486.88000000000005</ele>
   </trkpt>
   <trkpt lat="-33.93296" lon="23.809340000000002">
    <ele>486.25</ele>
   </trkpt>
   <trkpt lat="-33.93298" lon="23.8091">
    <ele>484.34000000000003</ele>
   </trkpt>
   <trkpt lat="-33.93294" lon="23.808860000000003">
    <ele>483.58000000000004</ele>
   </trkpt>
   <trkpt lat="-33.93276" lon="23.808670000000003">
    <ele>482.18000000000006</ele>
   </trkpt>
   <trkpt lat="-33.93271" lon="23.808560000000003">
    <ele>479.6</ele>
   </trkpt>
   <trkpt lat="-33.93258" lon="23.808410000000002">
    <ele>478.67</ele>
   </trkpt>
   <trkpt lat="-33.93242" lon="23.80808">
    <ele>475.16</ele>
   </trkpt>
   <trkpt lat="-33.93224" lon="23.80799">
    <ele>472.21000000000004</ele>
   </trkpt>
   <trkpt lat="-33.93222" lon="23.807760000000002">
    <ele>470.59000000000003</ele>
   </trkpt>
   <trkpt lat="-33.93226" lon="23.80723">
    <ele>465.03000000000003</ele>
   </trkpt>
   <trkpt lat="-33.93224" lon="23.807160000000003">
    <ele>464.59000000000003</ele>
   </trkpt>
   <trkpt lat="-33.93224" lon="23.807000000000002">
    <ele>463.69000000000005</ele>
   </trkpt>
   <trkpt lat="-33.93229" lon="23.806510000000003">
    <ele>462.74</ele>
   </trkpt>
   <trkpt lat="-33.93226" lon="23.806140000000003">
    <ele>463.73</ele>
   </trkpt>
   <trkpt lat="-33.93231" lon="23.805590000000002">
    <ele>461.78000000000003</ele>
   </trkpt>
   <trkpt lat="-33.93229" lon="23.80542">
    <ele>461.42</ele>
   </trkpt>
   <trkpt lat="-33.93231" lon="23.805220000000002">
    <ele>461.07000000000005</ele>
   </trkpt>
   <trkpt lat="-33.93238" lon="23.80498">
    <ele>460.84000000000003</ele>
   </trkpt>
   <trkpt lat="-33.93206" lon="23.804360000000003">
    <ele>459.53000000000003</ele>
   </trkpt>
   <trkpt lat="-33.93222" lon="23.803960000000004">
    <ele>461.26000000000005</ele>
   </trkpt>
   <trkpt lat="-33.9322" lon="23.803780000000003">
    <ele>461.16</ele>
   </trkpt>
   <trkpt lat="-33.93229" lon="23.80366">
    <ele>460.71000000000004</ele>
   </trkpt>
   <trkpt lat="-33.93235" lon="23.80339">
    <ele>458.41</ele>
   </trkpt>
   <trkpt lat="-33.93253" lon="23.80317">
    <ele>454.51</ele>
   </trkpt>
   <trkpt lat="-33.93256" lon="23.80299">
    <ele>452.34000000000003</ele>
   </trkpt>
   <trkpt lat="-33.93264" lon="23.802760000000003">
    <ele>449.21000000000004</ele>
   </trkpt>
   <trkpt lat="-33.93269" lon="23.802290000000003">
    <ele>445.03000000000003</ele>
   </trkpt>
   <trkpt lat="-33.93264" lon="23.801990000000004">
    <ele>442.85</ele>
   </trkpt>
   <trkpt lat="-33.932660000000006" lon="23.80168">
    <ele>441.38000000000005</ele>
   </trkpt>
   <trkpt lat="-33.93278" lon="23.80148">
    <ele>438.95000000000005</ele>
   </trkpt>
   <trkpt lat="-33.93291" lon="23.80112">
    <ele>436.25</ele>
   </trkpt>
   <trkpt lat="-33.93294" lon="23.800880000000003">
    <ele>433.82000000000005</ele>
   </trkpt>
   <trkpt lat="-33.93303" lon="23.80075">
    <ele>431.46</ele>
   </trkpt>
   <trkpt lat="-33.93303" lon="23.800600000000003">
    <ele>429.81</ele>
   </trkpt>
   <trkpt lat="-33.93298" lon="23.80047">
    <ele>429.49</ele>
   </trkpt>
   <trkpt lat="-33.93273" lon="23.800250000000002">
    <ele>427.68000000000006</ele>
   </trkpt>
   <trkpt lat="-33.93262" lon="23.80007">
    <ele>426.77000000000004</ele>
   </trkpt>
   <trkpt lat="-33.9326" lon="23.79999">
    <ele>426.2900000000001</ele>
   </trkpt>
   <trkpt lat="-33.93267" lon="23.799840000000003">
    <ele>424.51000000000005</ele>
   </trkpt>
   <trkpt lat="-33.93314" lon="23.799560000000003">
    <ele>409.95000000000005</ele>
   </trkpt>
   <trkpt lat="-33.93332" lon="23.799570000000003">
    <ele>406.2</ele>
   </trkpt>
   <trkpt lat="-33.93356" lon="23.799460000000003">
    <ele>400.1</ele>
   </trkpt>
   <trkpt lat="-33.93372" lon="23.799490000000002">
    <ele>397.59000000000003</ele>
   </trkpt>
   <trkpt lat="-33.93383" lon="23.79935">
    <ele>391.08000000000004</ele>
   </trkpt>
   <trkpt lat="-33.93399" lon="23.799300000000002">
    <ele>388.06</ele>
   </trkpt>
   <trkpt lat="-33.93412" lon="23.799300000000002">
    <ele>385.77000000000004</ele>
   </trkpt>
   <trkpt lat="-33.93455" lon="23.79942">
    <ele>375.72</ele>
   </trkpt>
   <trkpt lat="-33.93466" lon="23.79941">
    <ele>373.14000000000004</ele>
   </trkpt>
   <trkpt lat="-33.93486" lon="23.79925">
    <ele>371.32000000000005</ele>
   </trkpt>
   <trkpt lat="-33.93506" lon="23.798990000000003">
    <ele>369.98</ele>
   </trkpt>
   <trkpt lat="-33.9352" lon="23.79888">
    <ele>368.61</ele>
   </trkpt>
   <trkpt lat="-33.93522" lon="23.798640000000002">
    <ele>368.36</ele>
   </trkpt>
   <trkpt lat="-33.93526" lon="23.79851">
    <ele>368.50000000000006</ele>
   </trkpt>
   <trkpt lat="-33.93529" lon="23.798340000000003">
    <ele>368.11</ele>
   </trkpt>
   <trkpt lat="-33.93538" lon="23.79821">
    <ele>366.56000000000006</ele>
   </trkpt>
   <trkpt lat="-33.93553" lon="23.79785">
    <ele>361.14</ele>
   </trkpt>
   <trkpt lat="-33.93556" lon="23.79757">
    <ele>359.3</ele>
   </trkpt>
   <trkpt lat="-33.93562" lon="23.79738">
    <ele>356.89000000000004</ele>
   </trkpt>
   <trkpt lat="-33.93562" lon="23.796950000000002">
    <ele>354.1</ele>
   </trkpt>
   <trkpt lat="-33.93558" lon="23.796770000000002">
    <ele>354.15000000000003</ele>
   </trkpt>
   <trkpt lat="-33.93558" lon="23.7965">
    <ele>354.05</ele>
   </trkpt>
   <trkpt lat="-33.93567" lon="23.79635">
    <ele>351.81</ele>
   </trkpt>
   <trkpt lat="-33.93576" lon="23.796090000000003">
    <ele>350.63000000000005</ele>
   </trkpt>
   <trkpt lat="-33.93585" lon="23.796000000000003">
    <ele>350.75</ele>
   </trkpt>
   <trkpt lat="-33.93618" lon="23.79588">
    <ele>348.86</ele>
   </trkpt>
   <trkpt lat="-33.93641" lon="23.79575">
    <ele>347.08000000000004</ele>
   </trkpt>
   <trkpt lat="-33.93661" lon="23.795560000000002">
    <ele>342.42</ele>
   </trkpt>
   <trkpt lat="-33.9367" lon="23.795260000000003">
    <ele>340.38</ele>
   </trkpt>
   <trkpt lat="-33.93685" lon="23.794970000000003">
    <ele>337.81000000000006</ele>
   </trkpt>
   <trkpt lat="-33.9369" lon="23.794780000000003">
    <ele>336.06</ele>
   </trkpt>
   <trkpt lat="-33.93694" lon="23.794760000000004">
    <ele>334.98</ele>
   </trkpt>
   <trkpt lat="-33.93697" lon="23.794620000000002">
    <ele>336.18</ele>
   </trkpt>
   <trkpt lat="-33.93714" lon="23.79419">
    <ele>334.74</ele>
   </trkpt>
   <trkpt lat="-33.93721" lon="23.79389">
    <ele>334.19000000000005</ele>
   </trkpt>
   <trkpt lat="-33.93755" lon="23.793640000000003">
    <ele>329.44</ele>
   </trkpt>
   <trkpt lat="-33.93768" lon="23.793490000000002">
    <ele>327.09000000000003</ele>
   </trkpt>
   <trkpt lat="-33.93782" lon="23.79313">
    <ele>326.19000000000005</ele>
   </trkpt>
   <trkpt lat="-33.93782" lon="23.79297">
    <ele>325.89</ele>
   </trkpt>
   <trkpt lat="-33.9377" lon="23.792730000000002">
    <ele>323.89</ele>
   </trkpt>
   <trkpt lat="-33.93748" lon="23.792440000000003">
    <ele>324.40000000000003</ele>
   </trkpt>
   <trkpt lat="-33.93737" lon="23.79222">
    <ele>326.56</ele>
   </trkpt>
   <trkpt lat="-33.93739" lon="23.792170000000002">
    <ele>326.56</ele>
   </trkpt>
   <trkpt lat="-33.93705" lon="23.791770000000003">
    <ele>332.55</ele>
   </trkpt>
   <trkpt lat="-33.93679" lon="23.79175">
    <ele>336.18</ele>
   </trkpt>
   <trkpt lat="-33.93661" lon="23.79166">
    <ele>337.27</ele>
   </trkpt>
   <trkpt lat="-33.93652" lon="23.79155">
    <ele>337.59</ele>
   </trkpt>
   <trkpt lat="-33.936490000000006" lon="23.791410000000003">
    <ele>337.82</ele>
   </trkpt>
   <trkpt lat="-33.93641" lon="23.791150000000002">
    <ele>340.39000000000004</ele>
   </trkpt>
   <trkpt lat="-33.93634" lon="23.79107">
    <ele>342.75000000000006</ele>
   </trkpt>
   <trkpt lat="-33.93634" lon="23.79097">
    <ele>344.05</ele>
   </trkpt>
   <trkpt lat="-33.936" lon="23.79012">
    <ele>347.96000000000004</ele>
   </trkpt>
   <trkpt lat="-33.93594" lon="23.789880000000004">
    <ele>348.02000000000004</ele>
   </trkpt>
   <trkpt lat="-33.93564" lon="23.78903">
    <ele>346.18000000000006</ele>
   </trkpt>
   <trkpt lat="-33.93562" lon="23.788790000000002">
    <ele>345.43</ele>
   </trkpt>
   <trkpt lat="-33.93571" lon="23.78856">
    <ele>343.69000000000005</ele>
   </trkpt>
   <trkpt lat="-33.93591" lon="23.78818">
    <ele>339.85</ele>
   </trkpt>
   <trkpt lat="-33.93605" lon="23.788040000000002">
    <ele>338.94</ele>
   </trkpt>
   <trkpt lat="-33.93629" lon="23.787580000000002">
    <ele>335.66</ele>
   </trkpt>
   <trkpt lat="-33.93629" lon="23.787440000000004">
    <ele>335.0</ele>
   </trkpt>
   <trkpt lat="-33.93614" lon="23.787350000000004">
    <ele>334.96000000000004</ele>
   </trkpt>
   <trkpt lat="-33.93596" lon="23.787280000000003">
    <ele>335.88</ele>
   </trkpt>
   <trkpt lat="-33.93571" lon="23.78715">
    <ele>338.39000000000004</ele>
   </trkpt>
   <trkpt lat="-33.93549" lon="23.78723">
    <ele>339.13000000000005</ele>
   </trkpt>
   <trkpt lat="-33.93524" lon="23.78725">
    <ele>335.85</ele>
   </trkpt>
   <trkpt lat="-33.93506" lon="23.787180000000003">
    <ele>333.6</ele>
   </trkpt>
   <trkpt lat="-33.9347" lon="23.78675">
    <ele>331.65</ele>
   </trkpt>
   <trkpt lat="-33.93406" lon="23.786220000000004">
    <ele>337.6</ele>
   </trkpt>
   <trkpt lat="-33.933600000000006" lon="23.78618">
    <ele>340.85</ele>
   </trkpt>
   <trkpt lat="-33.9335" lon="23.78581">
    <ele>337.38</ele>
   </trkpt>
   <trkpt lat="-33.93334" lon="23.78534">
    <ele>331.99</ele>
   </trkpt>
   <trkpt lat="-33.93309" lon="23.784920000000003">
    <ele>325.99</ele>
   </trkpt>
   <trkpt lat="-33.93289" lon="23.784760000000002">
    <ele>326.09000000000003</ele>
   </trkpt>
   <trkpt lat="-33.93247" lon="23.784580000000002">
    <ele>328.48</ele>
   </trkpt>
   <trkpt lat="-33.93206" lon="23.78432">
    <ele>333.37</ele>
   </trkpt>
   <trkpt lat="-33.93164" lon="23.784260000000003">
    <ele>338.46000000000004</ele>
   </trkpt>
   <trkpt lat="-33.93135" lon="23.78413">
    <ele>341.68</ele>
   </trkpt>
   <trkpt lat="-33.93123" lon="23.78395">
    <ele>340.84000000000003</ele>
   </trkpt>
   <trkpt lat="-33.93088" lon="23.783800000000003">
    <ele>342.30000000000007</ele>
   </trkpt>
   <trkpt lat="-33.93059" lon="23.78359">
    <ele>343.92</ele>
   </trkpt>
   <trkpt lat="-33.9302" lon="23.78339">
    <ele>341.27000000000004</ele>
   </trkpt>
   <trkpt lat="-33.93003" lon="23.783140000000003">
    <ele>337.35</ele>
   </trkpt>
   <trkpt lat="-33.92967" lon="23.78252">
    <ele>328.01</ele>
   </trkpt>
   <trkpt lat="-33.92942" lon="23.78236">
    <ele>323.72</ele>
   </trkpt>
   <trkpt lat="-33.92926" lon="23.78188">
    <ele>326.24</ele>
   </trkpt>
   <trkpt lat="-33.92924" lon="23.78177">
    <ele>325.89</ele>
   </trkpt>
   <trkpt lat="-33.92909" lon="23.781340000000004">
    <ele>324.54</ele>
   </trkpt>
   <trkpt lat="-33.92909" lon="23.781180000000003">
    <ele>323.8</ele>
   </trkpt>
   <trkpt lat="-33.92904" lon="23.780820000000002">
    <ele>320.62</ele>
   </trkpt>
   <trkpt lat="-33.92897" lon="23.780630000000002">
    <ele>319.0</ele>
   </trkpt>
   <trkpt lat="-33.92897" lon="23.780050000000003">
    <ele>316.33</ele>
   </trkpt>
   <trkpt lat="-33.92888" lon="23.77961">
    <ele>315.78</ele>
   </trkpt>
   <trkpt lat="-33.92864" lon="23.779310000000002">
    <ele>317.09000000000003</ele>
   </trkpt>
   <trkpt lat="-33.92835" lon="23.779220000000002">
    <ele>317.97</ele>
   </trkpt>
   <trkpt lat="-33.92794" lon="23.77914">
    <ele>318.95</ele>
   </trkpt>
   <trkpt lat="-33.92759" lon="23.77926">
    <ele>318.92</ele>
   </trkpt>
   <trkpt lat="-33.92712" lon="23.779190000000003">
    <ele>320.76000000000005</ele>
   </trkpt>
   <trkpt lat="-33.927" lon="23.77908">
    <ele>320.41</ele>
   </trkpt>
   <trkpt lat="-33.92691" lon="23.778940000000002">
    <ele>319.79</ele>
   </trkpt>
   <trkpt lat="-33.92671" lon="23.778730000000003">
    <ele>317.89</ele>
   </trkpt>
   <trkpt lat="-33.9266" lon="23.77851">
    <ele>315.42</ele>
   </trkpt>
   <trkpt lat="-33.92651" lon="23.778440000000003">
    <ele>314.0</ele>
   </trkpt>
   <trkpt lat="-33.92631" lon="23.778180000000003">
    <ele>311.14000000000004</ele>
   </trkpt>
   <trkpt lat="-33.92618" lon="23.77813">
    <ele>307.1</ele>
   </trkpt>
   <trkpt lat="-33.926" lon="23.77795">
    <ele>303.08</ele>
   </trkpt>
   <trkpt lat="-33.92568" lon="23.77785">
    <ele>292.68000000000006</ele>
   </trkpt>
   <trkpt lat="-33.92564" lon="23.77777">
    <ele>289.90999999999997</ele>
   </trkpt>
   <trkpt lat="-33.92557" lon="23.77774">
    <ele>288.78000000000003</ele>
   </trkpt>
   <trkpt lat="-33.92557" lon="23.777610000000003">
    <ele>286.38</ele>
   </trkpt>
   <trkpt lat="-33.92548" lon="23.77755">
    <ele>285.36</ele>
   </trkpt>
   <trkpt lat="-33.92537" lon="23.777590000000004">
    <ele>284.21000000000004</ele>
   </trkpt>
   <trkpt lat="-33.92532" lon="23.77775">
    <ele>283.66</ele>
   </trkpt>
   <trkpt lat="-33.92524" lon="23.777890000000003">
    <ele>283.92</ele>
   </trkpt>
   <trkpt lat="-33.92512" lon="23.777910000000002">
    <ele>284.7</ele>
   </trkpt>
   <trkpt lat="-33.92497" lon="23.778000000000002">
    <ele>286.02</ele>
   </trkpt>
   <trkpt lat="-33.92483" lon="23.77824">
    <ele>289.31</ele>
   </trkpt>
   <trkpt lat="-33.92461" lon="23.77841">
    <ele>292.8</ele>
   </trkpt>
   <trkpt lat="-33.92441" lon="23.778460000000003">
    <ele>291.84000000000003</ele>
   </trkpt>
   <trkpt lat="-33.92416" lon="23.77843">
    <ele>290.06000000000006</ele>
   </trkpt>
   <trkpt lat="-33.92394" lon="23.778470000000002">
    <ele>289.99</ele>
   </trkpt>
   <trkpt lat="-33.92378" lon="23.778470000000002">
    <ele>290.36</ele>
   </trkpt>
   <trkpt lat="-33.92371" lon="23.77842">
    <ele>291.86</ele>
   </trkpt>
   <trkpt lat="-33.9234" lon="23.77843">
    <ele>296.38000000000005</ele>
   </trkpt>
   <trkpt lat="-33.92318" lon="23.77833">
    <ele>294.92</ele>
   </trkpt>
   <trkpt lat="-33.92306" lon="23.778360000000003">
    <ele>294.19</ele>
   </trkpt>
   <trkpt lat="-33.92286" lon="23.778200000000002">
    <ele>291.37</ele>
   </trkpt>
   <trkpt lat="-33.92271" lon="23.77795">
    <ele>290.78000000000003</ele>
   </trkpt>
   <trkpt lat="-33.922610000000006" lon="23.777680000000004">
    <ele>291.48</ele>
   </trkpt>
   <trkpt lat="-33.92257" lon="23.777610000000003">
    <ele>291.49</ele>
   </trkpt>
   <trkpt lat="-33.92235" lon="23.776690000000002">
    <ele>292.48</ele>
   </trkpt>
   <trkpt lat="-33.92221" lon="23.77636">
    <ele>292.51000000000005</ele>
   </trkpt>
   <trkpt lat="-33.92191000135037" lon="23.77576999781157">
    <ele>292.57</ele>
   </trkpt>
   <trkpt lat="-33.92161" lon="23.775180000000002">
    <ele>294.51000000000005</ele>
   </trkpt>
   <trkpt lat="-33.92125" lon="23.774780000000003">
    <ele>296.86</ele>
   </trkpt>
   <trkpt lat="-33.92125" lon="23.77465">
    <ele>297.83000000000004</ele>
   </trkpt>
   <trkpt lat="-33.921" lon="23.774220000000003">
    <ele>301.92</ele>
   </trkpt>
   <trkpt lat="-33.92091" lon="23.774120000000003">
    <ele>302.32000000000005</ele>
   </trkpt>
   <trkpt lat="-33.92056" lon="23.773960000000002">
    <ele>304.57</ele>
   </trkpt>
   <trkpt lat="-33.92036" lon="23.77381">
    <ele>304.81</ele>
   </trkpt>
   <trkpt lat="-33.92018" lon="23.77373">
    <ele>304.8</ele>
   </trkpt>
   <trkpt lat="-33.92" lon="23.773680000000002">
    <ele>307.44000000000005</ele>
   </trkpt>
   <trkpt lat="-33.91989" lon="23.773670000000003">
    <ele>308.55000000000007</ele>
   </trkpt>
   <trkpt lat="-33.91971" lon="23.77382">
    <ele>310.47</ele>
   </trkpt>
   <trkpt lat="-33.91962" lon="23.77379">
    <ele>311.97</ele>
   </trkpt>
   <trkpt lat="-33.919430000000006" lon="23.77389">
    <ele>313.67</ele>
   </trkpt>
   <trkpt lat="-33.91915" lon="23.773850000000003">
    <ele>317.43000000000006</ele>
   </trkpt>
   <trkpt lat="-33.91901" lon="23.773680000000002">
    <ele>321.0</ele>
   </trkpt>
   <trkpt lat="-33.91883" lon="23.773690000000002">
    <ele>327.24</ele>
   </trkpt>
   <trkpt lat="-33.91886" lon="23.773370000000003">
    <ele>331.82</ele>
   </trkpt>
   <trkpt lat="-33.91861" lon="23.773300000000003">
    <ele>339.25000000000006</ele>
   </trkpt>
   <trkpt lat="-33.91827" lon="23.77306">
    <ele>347.58000000000004</ele>
   </trkpt>
   <trkpt lat="-33.91818" lon="23.77278">
    <ele>353.36</ele>
   </trkpt>
   <trkpt lat="-33.91823" lon="23.772630000000003">
    <ele>358.82</ele>
   </trkpt>
   <trkpt lat="-33.91816" lon="23.772460000000002">
    <ele>365.34000000000003</ele>
   </trkpt>
   <trkpt lat="-33.91792" lon="23.772250000000003">
    <ele>373.70000000000005</ele>
   </trkpt>
   <trkpt lat="-33.91751" lon="23.77213">
    <ele>385.45</ele>
   </trkpt>
   <trkpt lat="-33.91747" lon="23.772050000000004">
    <ele>385.45</ele>
   </trkpt>
   <trkpt lat="-33.91733" lon="23.771990000000002">
    <ele>389.19000000000005</ele>
   </trkpt>
   <trkpt lat="-33.91706" lon="23.77195">
    <ele>395.64000000000004</ele>
   </trkpt>
   <trkpt lat="-33.917" lon="23.77182">
    <ele>398.08000000000004</ele>
   </trkpt>
   <trkpt lat="-33.916920000000005" lon="23.77119">
    <ele>412.0</ele>
   </trkpt>
   <trkpt lat="-33.91702" lon="23.770930000000003">
    <ele>421.82</ele>
   </trkpt>
   <trkpt lat="-33.91713" lon="23.77026">
    <ele>431.93</ele>
   </trkpt>
   <trkpt lat="-33.91718500142863" lon="23.76967000014481">
    <ele>449.77000000000004</ele>
   </trkpt>
   <trkpt lat="-33.91724" lon="23.769080000000002">
    <ele>465.37000000000006</ele>
   </trkpt>
   <trkpt lat="-33.91733" lon="23.76857">
    <ele>478.6</ele>
   </trkpt>
   <trkpt lat="-33.91742" lon="23.768250000000002">
    <ele>486.36</ele>
   </trkpt>
   <trkpt lat="-33.91749" lon="23.768150000000002">
    <ele>489.3</ele>
   </trkpt>
   <trkpt lat="-33.91771" lon="23.768040000000003">
    <ele>492.78000000000003</ele>
   </trkpt>
   <trkpt lat="-33.91783" lon="23.768050000000002">
    <ele>495.94000000000005</ele>
   </trkpt>
   <trkpt lat="-33.91785" lon="23.7679">
    <ele>499.68000000000006</ele>
   </trkpt>
   <trkpt lat="-33.91783" lon="23.767740000000003">
    <ele>506.51</ele>
   </trkpt>
   <trkpt lat="-33.91783" lon="23.76723">
    <ele>515.8000000000001</ele>
   </trkpt>
   <trkpt lat="-33.91783" lon="23.767000000000003">
    <ele>523.39</ele>
   </trkpt>
   <trkpt lat="-33.91778" lon="23.766810000000003">
    <ele>527.27</ele>
   </trkpt>
   <trkpt lat="-33.91785" lon="23.766440000000003">
    <ele>536.6700000000001</ele>
   </trkpt>
   <trkpt lat="-33.91785" lon="23.766430000000003">
    <ele>537.1700000000001</ele>
   </trkpt>
   <trkpt lat="-33.91789" lon="23.766080000000002">
    <ele>548.01</ele>
   </trkpt>
   <trkpt lat="-33.91785" lon="23.765680000000003">
    <ele>560.84</ele>
   </trkpt>
   <trkpt lat="-33.91787" lon="23.76554">
    <ele>563.71</ele>
   </trkpt>
   <trkpt lat="-33.91778" lon="23.765060000000002">
    <ele>573.45</ele>
   </trkpt>
   <trkpt lat="-33.91776" lon="23.764580000000002">
    <ele>580.5</ele>
   </trkpt>
   <trkpt lat="-33.91761500130392" lon="23.764014999092957">
    <ele>588.0200000000001</ele>
   </trkpt>
   <trkpt lat="-33.91747" lon="23.763450000000002">
    <ele>599.53</ele>
   </trkpt>
   <trkpt lat="-33.91745" lon="23.763270000000002">
    <ele>605.44</ele>
   </trkpt>
   <trkpt lat="-33.9174" lon="23.76313">
    <ele>610.75</ele>
   </trkpt>
   <trkpt lat="-33.91736" lon="23.76275">
    <ele>618.1500000000001</ele>
   </trkpt>
   <trkpt lat="-33.91727" lon="23.762590000000003">
    <ele>620.86</ele>
   </trkpt>
   <trkpt lat="-33.917145001297214" lon="23.762034999419026">
    <ele>625.61</ele>
   </trkpt>
   <trkpt lat="-33.91702" lon="23.761480000000002">
    <ele>630.0</ele>
   </trkpt>
   <trkpt lat="-33.91682" lon="23.76077">
    <ele>640.27</ele>
   </trkpt>
   <trkpt lat="-33.91671" lon="23.760430000000003">
    <ele>642.84</ele>
   </trkpt>
   <trkpt lat="-33.91639" lon="23.76012">
    <ele>645.85</ele>
   </trkpt>
   <trkpt lat="-33.91621" lon="23.759970000000003">
    <ele>647.3800000000001</ele>
   </trkpt>
   <trkpt lat="-33.91597" lon="23.759860000000003">
    <ele>650.71</ele>
   </trkpt>
   <trkpt lat="-33.9157" lon="23.759760000000004">
    <ele>651.4100000000001</ele>
   </trkpt>
   <trkpt lat="-33.9155" lon="23.75966">
    <ele>649.23</ele>
   </trkpt>
   <trkpt lat="-33.91534" lon="23.75962">
    <ele>648.26</ele>
   </trkpt>
   <trkpt lat="-33.91485" lon="23.759240000000002">
    <ele>641.87</ele>
   </trkpt>
   <trkpt lat="-33.91427" lon="23.75871">
    <ele>621.99</ele>
   </trkpt>
   <trkpt lat="-33.9138" lon="23.758480000000002">
    <ele>614.1700000000001</ele>
   </trkpt>
   <trkpt lat="-33.91371" lon="23.75841">
    <ele>611.26</ele>
   </trkpt>
   <trkpt lat="-33.91346" lon="23.758080000000003">
    <ele>600.1700000000001</ele>
   </trkpt>
   <trkpt lat="-33.91320500122268" lon="23.75753999847834">
    <ele>591.75</ele>
   </trkpt>
   <trkpt lat="-33.91295" lon="23.757">
    <ele>586.55</ele>
   </trkpt>
   <trkpt lat="-33.91277" lon="23.75645">
    <ele>580.69</ele>
   </trkpt>
   <trkpt lat="-33.91257" lon="23.75609">
    <ele>575.23</ele>
   </trkpt>
   <trkpt lat="-33.91252" lon="23.755860000000002">
    <ele>570.35</ele>
   </trkpt>
   <trkpt lat="-33.91236" lon="23.755580000000002">
    <ele>564.7</ele>
   </trkpt>
   <trkpt lat="-33.91223" lon="23.75512">
    <ele>554.5</ele>
   </trkpt>
   <trkpt lat="-33.91212" lon="23.755000000000003">
    <ele>549.0500000000001</ele>
   </trkpt>
   <trkpt lat="-33.91192" lon="23.754980000000003">
    <ele>543.22</ele>
   </trkpt>
   <trkpt lat="-33.91174" lon="23.75505">
    <ele>539.9000000000001</ele>
   </trkpt>
   <trkpt lat="-33.91151" lon="23.75466">
    <ele>532.57</ele>
   </trkpt>
   <trkpt lat="-33.91129" lon="23.75409">
    <ele>524.94</ele>
   </trkpt>
   <trkpt lat="-33.91122" lon="23.75355">
    <ele>519.4300000000001</ele>
   </trkpt>
   <trkpt lat="-33.91107" lon="23.753010000000003">
    <ele>514.23</ele>
   </trkpt>
   <trkpt lat="-33.9108" lon="23.752540000000003">
    <ele>505.14000000000004</ele>
   </trkpt>
   <trkpt lat="-33.91073" lon="23.752180000000003">
    <ele>497.25</ele>
   </trkpt>
   <trkpt lat="-33.91055" lon="23.75187">
    <ele>485.76</ele>
   </trkpt>
   <trkpt lat="-33.91046" lon="23.751150000000003">
    <ele>471.71000000000004</ele>
   </trkpt>
   <trkpt lat="-33.91037" lon="23.750750000000004">
    <ele>466.15000000000003</ele>
   </trkpt>
   <trkpt lat="-33.9103" lon="23.7499">
    <ele>457.40000000000003</ele>
   </trkpt>
   <trkpt lat="-33.91017000251691" lon="23.749114998966213">
    <ele>445.68</ele>
   </trkpt>
   <trkpt lat="-33.91004" lon="23.748330000000003">
    <ele>436.27000000000004</ele>
   </trkpt>
   <trkpt lat="-33.90995" lon="23.748040000000003">
    <ele>429.56000000000006</ele>
   </trkpt>
   <trkpt lat="-33.90988" lon="23.747480000000003">
    <ele>419.81</ele>
   </trkpt>
   <trkpt lat="-33.90988" lon="23.747220000000002">
    <ele>415.88</ele>
   </trkpt>
   <trkpt lat="-33.90992" lon="23.746740000000003">
    <ele>409.22</ele>
   </trkpt>
   <trkpt lat="-33.90992" lon="23.74639">
    <ele>405.16</ele>
   </trkpt>
   <trkpt lat="-33.90995" lon="23.746250000000003">
    <ele>403.57000000000005</ele>
   </trkpt>
   <trkpt lat="-33.90992" lon="23.74556">
    <ele>397.67</ele>
   </trkpt>
   <trkpt lat="-33.90999" lon="23.745230000000003">
    <ele>392.67</ele>
   </trkpt>
   <trkpt lat="-33.90992" lon="23.7451">
    <ele>392.88</ele>
   </trkpt>
   <trkpt lat="-33.90995" lon="23.744970000000002">
    <ele>392.73</ele>
   </trkpt>
   <trkpt lat="-33.90977" lon="23.744310000000002">
    <ele>388.40000000000003</ele>
   </trkpt>
   <trkpt lat="-33.909620000000004" lon="23.74415">
    <ele>386.76000000000005</ele>
   </trkpt>
   <trkpt lat="-33.90939" lon="23.74367">
    <ele>384.67</ele>
   </trkpt>
   <trkpt lat="-33.90912" lon="23.743350000000003">
    <ele>378.39</ele>
   </trkpt>
   <trkpt lat="-33.90889" lon="23.7433">
    <ele>371.97</ele>
   </trkpt>
   <trkpt lat="-33.90903" lon="23.74293">
    <ele>363.07</ele>
   </trkpt>
   <trkpt lat="-33.90981" lon="23.742490000000004">
    <ele>339.57000000000005</ele>
   </trkpt>
   <trkpt lat="-33.91035" lon="23.742130000000003">
    <ele>324.67</ele>
   </trkpt>
   <trkpt lat="-33.91082" lon="23.74218">
    <ele>322.67</ele>
   </trkpt>
   <trkpt lat="-33.91086" lon="23.741870000000002">
    <ele>322.54</ele>
   </trkpt>
   <trkpt lat="-33.91077" lon="23.74171">
    <ele>324.38</ele>
   </trkpt>
   <trkpt lat="-33.9106" lon="23.741670000000003">
    <ele>328.03000000000003</ele>
   </trkpt>
   <trkpt lat="-33.9103" lon="23.74164">
    <ele>332.43</ele>
   </trkpt>
   <trkpt lat="-33.91019" lon="23.741480000000003">
    <ele>338.71</ele>
   </trkpt>
   <trkpt lat="-33.91001" lon="23.74145">
    <ele>343.41</ele>
   </trkpt>
   <trkpt lat="-33.90974" lon="23.74133">
    <ele>354.2</ele>
   </trkpt>
   <trkpt lat="-33.9095" lon="23.741100000000003">
    <ele>358.92</ele>
   </trkpt>
   <trkpt lat="-33.90923" lon="23.740730000000003">
    <ele>370.57</ele>
   </trkpt>
   <trkpt lat="-33.9091" lon="23.740740000000002">
    <ele>372.59000000000003</ele>
   </trkpt>
   <trkpt lat="-33.90901" lon="23.7405">
    <ele>375.19</ele>
   </trkpt>
   <trkpt lat="-33.90885" lon="23.739870000000003">
    <ele>380.47</ele>
   </trkpt>
   <trkpt lat="-33.90878" lon="23.739720000000002">
    <ele>383.0</ele>
   </trkpt>
   <trkpt lat="-33.90878" lon="23.739590000000003">
    <ele>384.07</ele>
   </trkpt>
   <trkpt lat="-33.9091" lon="23.73926">
    <ele>383.57</ele>
   </trkpt>
   <trkpt lat="-33.90923" lon="23.739150000000002">
    <ele>380.70000000000005</ele>
   </trkpt>
   <trkpt lat="-33.90965500116135" lon="23.73861500266152">
    <ele>381.46000000000004</ele>
   </trkpt>
   <trkpt lat="-33.91008" lon="23.738080000000004">
    <ele>379.11000000000007</ele>
   </trkpt>
   <trkpt lat="-33.91028" lon="23.73778">
    <ele>378.49000000000007</ele>
   </trkpt>
   <trkpt lat="-33.91042" lon="23.737630000000003">
    <ele>377.37</ele>
   </trkpt>
   <trkpt lat="-33.9108" lon="23.73665">
    <ele>378.19</ele>
   </trkpt>
   <trkpt lat="-33.91071" lon="23.73609">
    <ele>379.27000000000004</ele>
   </trkpt>
   <trkpt lat="-33.91042" lon="23.73532">
    <ele>383.56</ele>
   </trkpt>
   <trkpt lat="-33.91021" lon="23.735100000000003">
    <ele>384.82000000000005</ele>
   </trkpt>
   <trkpt lat="-33.90974" lon="23.735010000000003">
    <ele>387.52000000000004</ele>
   </trkpt>
   <trkpt lat="-33.90943" lon="23.734750000000002">
    <ele>389.28000000000003</ele>
   </trkpt>
   <trkpt lat="-33.90912" lon="23.7341">
    <ele>393.84000000000003</ele>
   </trkpt>
   <trkpt lat="-33.9088" lon="23.733610000000002">
    <ele>399.9200000000001</ele>
   </trkpt>
   <trkpt lat="-33.90871" lon="23.733390000000004">
    <ele>401.77</ele>
   </trkpt>
   <trkpt lat="-33.9086" lon="23.732640000000004">
    <ele>406.57000000000005</ele>
   </trkpt>
   <trkpt lat="-33.90847" lon="23.73203">
    <ele>411.74000000000007</ele>
   </trkpt>
   <trkpt lat="-33.90836" lon="23.731730000000002">
    <ele>414.51000000000005</ele>
   </trkpt>
   <trkpt lat="-33.90833" lon="23.73158">
    <ele>415.96999999999997</ele>
   </trkpt>
   <trkpt lat="-33.90827" lon="23.731440000000003">
    <ele>415.96999999999997</ele>
   </trkpt>
   <trkpt lat="-33.90822" lon="23.731260000000002">
    <ele>417.12000000000006</ele>
   </trkpt>
   <trkpt lat="-33.90807" lon="23.730970000000003">
    <ele>421.15000000000003</ele>
   </trkpt>
   <trkpt lat="-33.90789" lon="23.73038">
    <ele>424.23</ele>
   </trkpt>
   <trkpt lat="-33.90786" lon="23.730150000000002">
    <ele>425.93</ele>
   </trkpt>
   <trkpt lat="-33.90759500207013" lon="23.729434997789657">
    <ele>431.41</ele>
   </trkpt>
   <trkpt lat="-33.90733" lon="23.728720000000003">
    <ele>436.93</ele>
   </trkpt>
   <trkpt lat="-33.90704" lon="23.728420000000003">
    <ele>437.3</ele>
   </trkpt>
   <trkpt lat="-33.90697" lon="23.728180000000002">
    <ele>436.6700000000001</ele>
   </trkpt>
   <trkpt lat="-33.90708" lon="23.72791">
    <ele>434.85</ele>
   </trkpt>
   <trkpt lat="-33.90739" lon="23.72763">
    <ele>433.75</ele>
   </trkpt>
   <trkpt lat="-33.90775" lon="23.72719">
    <ele>431.85</ele>
   </trkpt>
   <trkpt lat="-33.9078" lon="23.72698">
    <ele>431.56000000000006</ele>
   </trkpt>
   <trkpt lat="-33.90753" lon="23.726570000000002">
    <ele>431.34000000000003</ele>
   </trkpt>
   <trkpt lat="-33.90751" lon="23.726460000000003">
    <ele>431.56000000000006</ele>
   </trkpt>
   <trkpt lat="-33.90764" lon="23.726360000000003">
    <ele>432.40000000000003</ele>
   </trkpt>
   <trkpt lat="-33.908" lon="23.726180000000003">
    <ele>432.48</ele>
   </trkpt>
   <trkpt lat="-33.9082" lon="23.72577">
    <ele>433.66</ele>
   </trkpt>
   <trkpt lat="-33.90841" lon="23.72512">
    <ele>436.01</ele>
   </trkpt>
   <trkpt lat="-33.90854" lon="23.72435">
    <ele>441.64000000000004</ele>
   </trkpt>
   <trkpt lat="-33.90858" lon="23.72389">
    <ele>447.28000000000003</ele>
   </trkpt>
   <trkpt lat="-33.908570000000005" lon="23.7238">
    <ele>447.28000000000003</ele>
   </trkpt>
   <trkpt lat="-33.90854" lon="23.7235">
    <ele>449.57</ele>
   </trkpt>
   <trkpt lat="-33.90851" lon="23.722800000000003">
    <ele>458.96000000000004</ele>
   </trkpt>
   <trkpt lat="-33.90845" lon="23.722260000000002">
    <ele>463.44</ele>
   </trkpt>
   <trkpt lat="-33.90833" lon="23.72181">
    <ele>466.64000000000004</ele>
   </trkpt>
   <trkpt lat="-33.90836" lon="23.721700000000002">
    <ele>466.53000000000003</ele>
   </trkpt>
   <trkpt lat="-33.90867" lon="23.721490000000003">
    <ele>466.57000000000005</ele>
   </trkpt>
   <trkpt lat="-33.90892" lon="23.721290000000003">
    <ele>467.52000000000004</ele>
   </trkpt>
   <trkpt lat="-33.90907" lon="23.72106">
    <ele>468.9200000000001</ele>
   </trkpt>
   <trkpt lat="-33.90914" lon="23.720720000000004">
    <ele>469.82</ele>
   </trkpt>
   <trkpt lat="-33.90919" lon="23.720180000000003">
    <ele>472.14000000000004</ele>
   </trkpt>
   <trkpt lat="-33.90948" lon="23.719620000000003">
    <ele>473.9200000000001</ele>
   </trkpt>
   <trkpt lat="-33.90961" lon="23.719260000000002">
    <ele>476.16</ele>
   </trkpt>
   <trkpt lat="-33.90957" lon="23.71845">
    <ele>481.66</ele>
   </trkpt>
   <trkpt lat="-33.9097" lon="23.717750000000002">
    <ele>489.16</ele>
   </trkpt>
   <trkpt lat="-33.90972" lon="23.71739">
    <ele>491.76000000000005</ele>
   </trkpt>
   <trkpt lat="-33.90981" lon="23.717070000000003">
    <ele>497.44000000000005</ele>
   </trkpt>
   <trkpt lat="-33.90983" lon="23.716790000000003">
    <ele>502.86000000000007</ele>
   </trkpt>
   <trkpt lat="-33.909670000000006" lon="23.7162">
    <ele>509.82000000000005</ele>
   </trkpt>
   <trkpt lat="-33.909620001798565" lon="23.71552999940346">
    <ele>514.0</ele>
   </trkpt>
   <trkpt lat="-33.90957" lon="23.71486">
    <ele>520.26</ele>
   </trkpt>
   <trkpt lat="-33.90957" lon="23.714550000000003">
    <ele>523.64</ele>
   </trkpt>
   <trkpt lat="-33.90948" lon="23.714090000000002">
    <ele>523.87</ele>
   </trkpt>
   <trkpt lat="-33.90948" lon="23.713820000000002">
    <ele>522.6200000000001</ele>
   </trkpt>
   <trkpt lat="-33.909445002525516" lon="23.713029999763418">
    <ele>513.71</ele>
   </trkpt>
   <trkpt lat="-33.90941" lon="23.71224">
    <ele>507.07</ele>
   </trkpt>
   <trkpt lat="-33.909570001986964" lon="23.71154000128275">
    <ele>500.27</ele>
   </trkpt>
   <trkpt lat="-33.90973" lon="23.71084">
    <ele>493.99</ele>
   </trkpt>
   <trkpt lat="-33.90933500033984" lon="23.71050499835119">
    <ele>493.34000000000003</ele>
   </trkpt>
   <trkpt lat="-33.90894" lon="23.71017">
    <ele>492.72</ele>
   </trkpt>
   <trkpt lat="-33.90849" lon="23.709750000000003">
    <ele>490.00000000000006</ele>
   </trkpt>
   <trkpt lat="-33.90804" lon="23.70932">
    <ele>488.64</ele>
   </trkpt>
   <trkpt lat="-33.90789" lon="23.709120000000002">
    <ele>488.52000000000004</ele>
   </trkpt>
   <trkpt lat="-33.90768500097814" lon="23.708634998899292">
    <ele>487.40000000000003</ele>
   </trkpt>
   <trkpt lat="-33.90748" lon="23.708150000000003">
    <ele>486.56000000000006</ele>
   </trkpt>
   <trkpt lat="-33.90719" lon="23.70756">
    <ele>486.30000000000007</ele>
   </trkpt>
   <trkpt lat="-33.90686" lon="23.706760000000003">
    <ele>484.99</ele>
   </trkpt>
   <trkpt lat="-33.90657" lon="23.70616">
    <ele>484.13000000000005</ele>
   </trkpt>
   <trkpt lat="-33.90634" lon="23.70559">
    <ele>486.68000000000006</ele>
   </trkpt>
   <trkpt lat="-33.90614" lon="23.70523">
    <ele>492.3500000000001</ele>
   </trkpt>
   <trkpt lat="-33.90583" lon="23.70501">
    <ele>499.57</ele>
   </trkpt>
   <trkpt lat="-33.90554" lon="23.705070000000003">
    <ele>506.01000000000005</ele>
   </trkpt>
   <trkpt lat="-33.90529" lon="23.705260000000003">
    <ele>509.97999999999996</ele>
   </trkpt>
   <trkpt lat="-33.90516" lon="23.70549">
    <ele>510.09999999999997</ele>
   </trkpt>
   <trkpt lat="-33.905" lon="23.705560000000002">
    <ele>509.24</ele>
   </trkpt>
   <trkpt lat="-33.90484" lon="23.70568">
    <ele>508.14000000000004</ele>
   </trkpt>
   <trkpt lat="-33.90446" lon="23.70617">
    <ele>511.55000000000007</ele>
   </trkpt>
   <trkpt lat="-33.90424" lon="23.706080000000004">
    <ele>517.36</ele>
   </trkpt>
   <trkpt lat="-33.90413" lon="23.70597">
    <ele>520.99</ele>
   </trkpt>
   <trkpt lat="-33.90395" lon="23.705910000000003">
    <ele>523.0</ele>
   </trkpt>
   <trkpt lat="-33.90357" lon="23.706010000000003">
    <ele>526.5000000000001</ele>
   </trkpt>
   <trkpt lat="-33.90332" lon="23.705890000000004">
    <ele>526.12</ele>
   </trkpt>
   <trkpt lat="-33.90301" lon="23.705240000000003">
    <ele>536.15</ele>
   </trkpt>
   <trkpt lat="-33.90301" lon="23.7051">
    <ele>537.86</ele>
   </trkpt>
   <trkpt lat="-33.90281" lon="23.70466">
    <ele>546.0</ele>
   </trkpt>
   <trkpt lat="-33.90281" lon="23.704030000000003">
    <ele>546.9000000000001</ele>
   </trkpt>
   <trkpt lat="-33.90294" lon="23.70315">
    <ele>538.37</ele>
   </trkpt>
   <trkpt lat="-33.90292" lon="23.70286">
    <ele>535.95</ele>
   </trkpt>
   <trkpt lat="-33.90292" lon="23.702720000000003">
    <ele>535.3100000000001</ele>
   </trkpt>
   <trkpt lat="-33.90314" lon="23.70202">
    <ele>531.59</ele>
   </trkpt>
   <trkpt lat="-33.90316" lon="23.70172">
    <ele>531.1600000000001</ele>
   </trkpt>
   <trkpt lat="-33.9031" lon="23.70156">
    <ele>530.98</ele>
   </trkpt>
   <trkpt lat="-33.90314" lon="23.701410000000003">
    <ele>530.98</ele>
   </trkpt>
   <trkpt lat="-33.90312" lon="23.70117">
    <ele>531.49</ele>
   </trkpt>
   <trkpt lat="-33.90285" lon="23.700300000000002">
    <ele>535.8900000000001</ele>
   </trkpt>
   <trkpt lat="-33.90272" lon="23.70003">
    <ele>536.63</ele>
   </trkpt>
   <trkpt lat="-33.90265" lon="23.69977">
    <ele>537.0600000000001</ele>
   </trkpt>
   <trkpt lat="-33.9026" lon="23.699710000000003">
    <ele>537.0500000000001</ele>
   </trkpt>
   <trkpt lat="-33.90251" lon="23.699440000000003">
    <ele>535.98</ele>
   </trkpt>
   <trkpt lat="-33.90249" lon="23.699270000000002">
    <ele>535.61</ele>
   </trkpt>
   <trkpt lat="-33.90245" lon="23.69912">
    <ele>533.93</ele>
   </trkpt>
   <trkpt lat="-33.90238" lon="23.698790000000002">
    <ele>531.3800000000001</ele>
   </trkpt>
   <trkpt lat="-33.90222" lon="23.69863">
    <ele>530.42</ele>
   </trkpt>
   <trkpt lat="-33.90195" lon="23.698230000000002">
    <ele>528.32</ele>
   </trkpt>
   <trkpt lat="-33.90193" lon="23.698040000000002">
    <ele>527.07</ele>
   </trkpt>
   <trkpt lat="-33.90202" lon="23.69791">
    <ele>526.48</ele>
   </trkpt>
   <trkpt lat="-33.90204" lon="23.69772">
    <ele>526.6</ele>
   </trkpt>
   <trkpt lat="-33.90195" lon="23.696900000000003">
    <ele>531.12</ele>
   </trkpt>
   <trkpt lat="-33.90191" lon="23.696050000000003">
    <ele>530.0100000000001</ele>
   </trkpt>
   <trkpt lat="-33.90190333812481" lon="23.695279999978982">
    <ele>526.96</ele>
   </trkpt>
   <trkpt lat="-33.901896671459006" lon="23.69451000007834">
    <ele>527.07</ele>
   </trkpt>
   <trkpt lat="-33.90189" lon="23.693740000000002">
    <ele>526.33</ele>
   </trkpt>
   <trkpt lat="-33.901880000000006" lon="23.693060000000003">
    <ele>517.72</ele>
   </trkpt>
   <trkpt lat="-33.90188000320008" lon="23.692170000102877">
    <ele>521.05</ele>
   </trkpt>
   <trkpt lat="-33.901880000000006" lon="23.691280000000003">
    <ele>516.8900000000001</ele>
   </trkpt>
   <trkpt lat="-33.90182" lon="23.690690000000004">
    <ele>515.59</ele>
   </trkpt>
   <trkpt lat="-33.90187" lon="23.689980000000002">
    <ele>514.99</ele>
   </trkpt>
   <trkpt lat="-33.901880000000006" lon="23.688940000000002">
    <ele>510.86000000000007</ele>
   </trkpt>
   <trkpt lat="-33.9018" lon="23.688840000000003">
    <ele>510.65000000000003</ele>
   </trkpt>
   <trkpt lat="-33.90173" lon="23.68878">
    <ele>510.04</ele>
   </trkpt>
   <trkpt lat="-33.90164" lon="23.68852">
    <ele>507.9600000000001</ele>
   </trkpt>
   <trkpt lat="-33.9018" lon="23.68833">
    <ele>504.55000000000007</ele>
   </trkpt>
   <trkpt lat="-33.90182" lon="23.688250000000004">
    <ele>503.55000000000007</ele>
   </trkpt>
   <trkpt lat="-33.9018" lon="23.68813">
    <ele>500.38000000000005</ele>
   </trkpt>
   <trkpt lat="-33.901880000000006" lon="23.687800000000003">
    <ele>502.14000000000004</ele>
   </trkpt>
   <trkpt lat="-33.90175" lon="23.68719">
    <ele>506.75</ele>
   </trkpt>
   <trkpt lat="-33.90178" lon="23.686950000000003">
    <ele>507.0300000000001</ele>
   </trkpt>
   <trkpt lat="-33.901773341630445" lon="23.68593666654701">
    <ele>499.55</ele>
   </trkpt>
   <trkpt lat="-33.90176667496403" lon="23.6849233332524">
    <ele>501.40000000000003</ele>
   </trkpt>
   <trkpt lat="-33.90176" lon="23.68391">
    <ele>490.91</ele>
   </trkpt>
   <trkpt lat="-33.90178" lon="23.683090000000004">
    <ele>496.24</ele>
   </trkpt>
   <trkpt lat="-33.90182" lon="23.682150000000004">
    <ele>494.18000000000006</ele>
   </trkpt>
   <trkpt lat="-33.90171" lon="23.681220000000003">
    <ele>489.4100000000001</ele>
   </trkpt>
   <trkpt lat="-33.90128" lon="23.68091">
    <ele>494.02</ele>
   </trkpt>
   <trkpt lat="-33.90131" lon="23.68073">
    <ele>494.68000000000006</ele>
   </trkpt>
   <trkpt lat="-33.90142" lon="23.680570000000003">
    <ele>494.38000000000005</ele>
   </trkpt>
   <trkpt lat="-33.90164" lon="23.680380000000003">
    <ele>492.33000000000004</ele>
   </trkpt>
   <trkpt lat="-33.90166" lon="23.68024">
    <ele>491.03000000000003</ele>
   </trkpt>
   <trkpt lat="-33.901565010822985" lon="23.67929499683742">
    <ele>484.55</ele>
   </trkpt>
   <trkpt lat="-33.90147001443035" lon="23.678349995780593">
    <ele>489.99</ele>
   </trkpt>
   <trkpt lat="-33.90137501082218" lon="23.677404996829672">
    <ele>491.3</ele>
   </trkpt>
   <trkpt lat="-33.90128" lon="23.676460000000002">
    <ele>493.16</ele>
   </trkpt>
   <trkpt lat="-33.90122" lon="23.676330000000004">
    <ele>493.44000000000005</ele>
   </trkpt>
   <trkpt lat="-33.90124" lon="23.67611">
    <ele>495.44000000000005</ele>
   </trkpt>
   <trkpt lat="-33.90115500310909" lon="23.675229998921438">
    <ele>493.86</ele>
   </trkpt>
   <trkpt lat="-33.901070000000004" lon="23.67435">
    <ele>490.3500000000001</ele>
   </trkpt>
   <trkpt lat="-33.90095" lon="23.674280000000003">
    <ele>489.94000000000005</ele>
   </trkpt>
   <trkpt lat="-33.90104" lon="23.67397">
    <ele>489.65000000000003</ele>
   </trkpt>
   <trkpt lat="-33.90095" lon="23.673140000000004">
    <ele>492.43</ele>
   </trkpt>
   <trkpt lat="-33.90086000354939" lon="23.672204999195767">
    <ele>496.28000000000003</ele>
   </trkpt>
   <trkpt lat="-33.90077" lon="23.671270000000003">
    <ele>499.01000000000005</ele>
   </trkpt>
   <trkpt lat="-33.90081" lon="23.670730000000002">
    <ele>493.19</ele>
   </trkpt>
   <trkpt lat="-33.90075" lon="23.66992">
    <ele>477.54</ele>
   </trkpt>
   <trkpt lat="-33.90084" lon="23.669420000000002">
    <ele>475.06</ele>
   </trkpt>
   <trkpt lat="-33.90084" lon="23.669020000000003">
    <ele>475.35</ele>
   </trkpt>
   <trkpt lat="-33.90077" lon="23.66832">
    <ele>470.17</ele>
   </trkpt>
   <trkpt lat="-33.90084" lon="23.667980000000004">
    <ele>469.38</ele>
   </trkpt>
   <trkpt lat="-33.90081" lon="23.667350000000003">
    <ele>465.70000000000005</ele>
   </trkpt>
   <trkpt lat="-33.90084" lon="23.667250000000003">
    <ele>463.58000000000004</ele>
   </trkpt>
   <trkpt lat="-33.90095" lon="23.66636">
    <ele>462.01000000000005</ele>
   </trkpt>
   <trkpt lat="-33.90097" lon="23.66627">
    <ele>462.27</ele>
   </trkpt>
   <trkpt lat="-33.90097" lon="23.66553">
    <ele>461.79</ele>
   </trkpt>
   <trkpt lat="-33.9009" lon="23.66449">
    <ele>456.56</ele>
   </trkpt>
   <trkpt lat="-33.90084" lon="23.664150000000003">
    <ele>453.72</ele>
   </trkpt>
   <trkpt lat="-33.90081" lon="23.663610000000002">
    <ele>447.8</ele>
   </trkpt>
   <trkpt lat="-33.90075" lon="23.66346">
    <ele>446.63</ele>
   </trkpt>
   <trkpt lat="-33.9007" lon="23.66308">
    <ele>439.81</ele>
   </trkpt>
   <trkpt lat="-33.90072" lon="23.6627">
    <ele>437.21000000000004</ele>
   </trkpt>
   <trkpt lat="-33.9006750015185" lon="23.66208499954566">
    <ele>434.51000000000005</ele>
   </trkpt>
   <trkpt lat="-33.90063" lon="23.66147">
    <ele>428.09000000000003</ele>
   </trkpt>
   <trkpt lat="-33.90057" lon="23.661140000000003">
    <ele>425.45000000000005</ele>
   </trkpt>
   <trkpt lat="-33.90057" lon="23.660570000000003">
    <ele>417.99</ele>
   </trkpt>
   <trkpt lat="-33.900525001648866" lon="23.659929999578683">
    <ele>412.21000000000004</ele>
   </trkpt>
   <trkpt lat="-33.90048" lon="23.659290000000002">
    <ele>400.99</ele>
   </trkpt>
   <trkpt lat="-33.90052" lon="23.658700000000003">
    <ele>392.01</ele>
   </trkpt>
   <trkpt lat="-33.90079" lon="23.658220000000004">
    <ele>378.54</ele>
   </trkpt>
   <trkpt lat="-33.90088" lon="23.657980000000002">
    <ele>377.6</ele>
   </trkpt>
   <trkpt lat="-33.90095" lon="23.657880000000002">
    <ele>372.56000000000006</ele>
   </trkpt>
   <trkpt lat="-33.90104" lon="23.657790000000002">
    <ele>371.66</ele>
   </trkpt>
   <trkpt lat="-33.90115" lon="23.657860000000003">
    <ele>369.46</ele>
   </trkpt>
   <trkpt lat="-33.90126" lon="23.658070000000002">
    <ele>367.31</ele>
   </trkpt>
   <trkpt lat="-33.90133" lon="23.658350000000002">
    <ele>363.11</ele>
   </trkpt>
   <trkpt lat="-33.90133" lon="23.65856">
    <ele>360.28000000000003</ele>
   </trkpt>
   <trkpt lat="-33.90175" lon="23.65865">
    <ele>351.6</ele>
   </trkpt>
   <trkpt lat="-33.90189" lon="23.658600000000003">
    <ele>347.43</ele>
   </trkpt>
   <trkpt lat="-33.9022" lon="23.658350000000002">
    <ele>333.33</ele>
   </trkpt>
   <trkpt lat="-33.90225" lon="23.658230000000003">
    <ele>333.33</ele>
   </trkpt>
   <trkpt lat="-33.90238" lon="23.658140000000003">
    <ele>329.47</ele>
   </trkpt>
   <trkpt lat="-33.90263" lon="23.657850000000003">
    <ele>320.64000000000004</ele>
   </trkpt>
   <trkpt lat="-33.90296" lon="23.657590000000003">
    <ele>308.63</ele>
   </trkpt>
   <trkpt lat="-33.90312" lon="23.65754">
    <ele>305.39000000000004</ele>
   </trkpt>
   <trkpt lat="-33.90336" lon="23.65736">
    <ele>300.98</ele>
   </trkpt>
   <trkpt lat="-33.90355" lon="23.657120000000003">
    <ele>294.85</ele>
   </trkpt>
   <trkpt lat="-33.90363" lon="23.65678">
    <ele>288.04</ele>
   </trkpt>
   <trkpt lat="-33.90357" lon="23.656640000000003">
    <ele>284.51000000000005</ele>
   </trkpt>
   <trkpt lat="-33.90352" lon="23.6564">
    <ele>280.22</ele>
   </trkpt>
   <trkpt lat="-33.90352" lon="23.65585">
    <ele>270.62</ele>
   </trkpt>
   <trkpt lat="-33.90348" lon="23.6554">
    <ele>266.42</ele>
   </trkpt>
   <trkpt lat="-33.90345" lon="23.655310000000004">
    <ele>266.04</ele>
   </trkpt>
   <trkpt lat="-33.90334" lon="23.655310000000004">
    <ele>265.87</ele>
   </trkpt>
   <trkpt lat="-33.90328" lon="23.65527">
    <ele>266.0</ele>
   </trkpt>
   <trkpt lat="-33.90325" lon="23.65508">
    <ele>265.96000000000004</ele>
   </trkpt>
   <trkpt lat="-33.90325" lon="23.65471">
    <ele>266.66</ele>
   </trkpt>
   <trkpt lat="-33.9033" lon="23.65444">
    <ele>269.25000000000006</ele>
   </trkpt>
   <trkpt lat="-33.90341" lon="23.65425">
    <ele>272.55</ele>
   </trkpt>
   <trkpt lat="-33.90339" lon="23.654110000000003">
    <ele>277.18</ele>
   </trkpt>
   <trkpt lat="-33.90319" lon="23.654000000000003">
    <ele>280.44</ele>
   </trkpt>
   <trkpt lat="-33.90307" lon="23.653840000000002">
    <ele>284.52000000000004</ele>
   </trkpt>
   <trkpt lat="-33.90292" lon="23.653830000000003">
    <ele>288.71000000000004</ele>
   </trkpt>
   <trkpt lat="-33.90274" lon="23.653910000000003">
    <ele>294.39000000000004</ele>
   </trkpt>
   <trkpt lat="-33.90254" lon="23.65405">
    <ele>298.59000000000003</ele>
   </trkpt>
   <trkpt lat="-33.90247" lon="23.654020000000003">
    <ele>298.59000000000003</ele>
   </trkpt>
   <trkpt lat="-33.90263" lon="23.6537">
    <ele>307.26000000000005</ele>
   </trkpt>
   <trkpt lat="-33.90263" lon="23.6536">
    <ele>310.56</ele>
   </trkpt>
   <trkpt lat="-33.90276" lon="23.653380000000002">
    <ele>316.38000000000005</ele>
   </trkpt>
   <trkpt lat="-33.90301" lon="23.65321">
    <ele>323.37000000000006</ele>
   </trkpt>
   <trkpt lat="-33.90316" lon="23.653180000000003">
    <ele>324.18</ele>
   </trkpt>
   <trkpt lat="-33.90404" lon="23.65332">
    <ele>338.57000000000005</ele>
   </trkpt>
   <trkpt lat="-33.90422" lon="23.653250000000003">
    <ele>341.15</ele>
   </trkpt>
   <trkpt lat="-33.905" lon="23.653060000000004">
    <ele>352.96000000000004</ele>
   </trkpt>
   <trkpt lat="-33.90504" lon="23.653000000000002">
    <ele>354.06000000000006</ele>
   </trkpt>
   <trkpt lat="-33.90511" lon="23.652780000000003">
    <ele>356.00000000000006</ele>
   </trkpt>
   <trkpt lat="-33.90511" lon="23.65258">
    <ele>359.09000000000003</ele>
   </trkpt>
   <trkpt lat="-33.905" lon="23.652120000000004">
    <ele>360.35</ele>
   </trkpt>
   <trkpt lat="-33.90489" lon="23.651690000000002">
    <ele>360.41</ele>
   </trkpt>
   <trkpt lat="-33.90457" lon="23.65144">
    <ele>359.57000000000005</ele>
   </trkpt>
   <trkpt lat="-33.90455" lon="23.651380000000003">
    <ele>359.73</ele>
   </trkpt>
   <trkpt lat="-33.90439" lon="23.651290000000003">
    <ele>361.27000000000004</ele>
   </trkpt>
   <trkpt lat="-33.904160000000005" lon="23.651030000000002">
    <ele>365.00000000000006</ele>
   </trkpt>
   <trkpt lat="-33.90406" lon="23.65086">
    <ele>366.96</ele>
   </trkpt>
   <trkpt lat="-33.9039" lon="23.650440000000003">
    <ele>369.91</ele>
   </trkpt>
   <trkpt lat="-33.90375" lon="23.65041">
    <ele>369.91</ele>
   </trkpt>
   <trkpt lat="-33.90357" lon="23.650250000000003">
    <ele>372.18</ele>
   </trkpt>
   <trkpt lat="-33.90339" lon="23.649990000000003">
    <ele>374.04</ele>
   </trkpt>
   <trkpt lat="-33.90287" lon="23.64945">
    <ele>380.71000000000004</ele>
   </trkpt>
   <trkpt lat="-33.90256000077728" lon="23.649044998677127">
    <ele>384.91</ele>
   </trkpt>
   <trkpt lat="-33.90225" lon="23.64864">
    <ele>388.71000000000004</ele>
   </trkpt>
   <trkpt lat="-33.9016" lon="23.648020000000002">
    <ele>399.08000000000004</ele>
   </trkpt>
   <trkpt lat="-33.90151" lon="23.647810000000003">
    <ele>400.01000000000005</ele>
   </trkpt>
   <trkpt lat="-33.90153" lon="23.647060000000003">
    <ele>401.97</ele>
   </trkpt>
   <trkpt lat="-33.90142" lon="23.646710000000002">
    <ele>405.93</ele>
   </trkpt>
   <trkpt lat="-33.90139" lon="23.646440000000002">
    <ele>407.85</ele>
   </trkpt>
   <trkpt lat="-33.90128" lon="23.645960000000002">
    <ele>410.90000000000003</ele>
   </trkpt>
   <trkpt lat="-33.90119" lon="23.6459">
    <ele>413.66</ele>
   </trkpt>
   <trkpt lat="-33.9011" lon="23.64563">
    <ele>416.21000000000004</ele>
   </trkpt>
   <trkpt lat="-33.9009" lon="23.64524">
    <ele>422.15000000000003</ele>
   </trkpt>
   <trkpt lat="-33.90079" lon="23.64469">
    <ele>427.65000000000003</ele>
   </trkpt>
   <trkpt lat="-33.90048" lon="23.643880000000003">
    <ele>437.70000000000005</ele>
   </trkpt>
   <trkpt lat="-33.90063500121687" lon="23.643335000931284">
    <ele>434.82000000000005</ele>
   </trkpt>
   <trkpt lat="-33.90079" lon="23.64279">
    <ele>432.95000000000005</ele>
   </trkpt>
   <trkpt lat="-33.90086" lon="23.64233">
    <ele>433.08</ele>
   </trkpt>
   <trkpt lat="-33.90088" lon="23.64204">
    <ele>433.00000000000006</ele>
   </trkpt>
   <trkpt lat="-33.90101" lon="23.6417">
    <ele>430.34000000000003</ele>
   </trkpt>
   <trkpt lat="-33.90119" lon="23.641560000000002">
    <ele>427.57000000000005</ele>
   </trkpt>
   <trkpt lat="-33.90122" lon="23.64158">
    <ele>427.57000000000005</ele>
   </trkpt>
   <trkpt lat="-33.90131" lon="23.64157">
    <ele>424.18000000000006</ele>
   </trkpt>
   <trkpt lat="-33.9016" lon="23.641250000000003">
    <ele>419.16</ele>
   </trkpt>
   <trkpt lat="-33.90171" lon="23.64103">
    <ele>418.08</ele>
   </trkpt>
   <trkpt lat="-33.9018" lon="23.640700000000002">
    <ele>416.04</ele>
   </trkpt>
   <trkpt lat="-33.90195" lon="23.64044">
    <ele>414.35</ele>
   </trkpt>
   <trkpt lat="-33.902350000000006" lon="23.64">
    <ele>409.90000000000003</ele>
   </trkpt>
   <trkpt lat="-33.90249" lon="23.63971">
    <ele>408.08000000000004</ele>
   </trkpt>
   <trkpt lat="-33.90256" lon="23.639380000000003">
    <ele>407.71000000000004</ele>
   </trkpt>
   <trkpt lat="-33.90258" lon="23.639110000000002">
    <ele>408.67</ele>
   </trkpt>
   <trkpt lat="-33.90254" lon="23.638890000000004">
    <ele>409.14000000000004</ele>
   </trkpt>
   <trkpt lat="-33.90254" lon="23.638560000000002">
    <ele>409.13000000000005</ele>
   </trkpt>
   <trkpt lat="-33.90265" lon="23.637900000000002">
    <ele>407.29</ele>
   </trkpt>
   <trkpt lat="-33.90272" lon="23.637690000000003">
    <ele>406.64000000000004</ele>
   </trkpt>
   <trkpt lat="-33.90294" lon="23.63754">
    <ele>404.14000000000004</ele>
   </trkpt>
   <trkpt lat="-33.90325" lon="23.63706">
    <ele>400.25000000000006</ele>
   </trkpt>
   <trkpt lat="-33.90343" lon="23.636930000000003">
    <ele>399.36</ele>
   </trkpt>
   <trkpt lat="-33.90354" lon="23.63682">
    <ele>398.40000000000003</ele>
   </trkpt>
   <trkpt lat="-33.90375" lon="23.636740000000003">
    <ele>397.35</ele>
   </trkpt>
   <trkpt lat="-33.90426" lon="23.63669">
    <ele>392.81000000000006</ele>
   </trkpt>
   <trkpt lat="-33.90444" lon="23.636760000000002">
    <ele>389.44</ele>
   </trkpt>
   <trkpt lat="-33.90469" lon="23.63682">
    <ele>387.81000000000006</ele>
   </trkpt>
   <trkpt lat="-33.90489" lon="23.63681">
    <ele>383.11</ele>
   </trkpt>
   <trkpt lat="-33.90502" lon="23.63671">
    <ele>380.33000000000004</ele>
   </trkpt>
   <trkpt lat="-33.90513" lon="23.6367">
    <ele>380.33000000000004</ele>
   </trkpt>
   <trkpt lat="-33.90529" lon="23.636750000000003">
    <ele>375.95</ele>
   </trkpt>
   <trkpt lat="-33.9054" lon="23.636760000000002">
    <ele>373.19</ele>
   </trkpt>
   <trkpt lat="-33.90554" lon="23.63681">
    <ele>369.86</ele>
   </trkpt>
   <trkpt lat="-33.90563" lon="23.636740000000003">
    <ele>366.12000000000006</ele>
   </trkpt>
   <trkpt lat="-33.90563" lon="23.6366">
    <ele>363.88000000000005</ele>
   </trkpt>
   <trkpt lat="-33.90558" lon="23.63644">
    <ele>359.05</ele>
   </trkpt>
   <trkpt lat="-33.90567" lon="23.63642">
    <ele>358.06000000000006</ele>
   </trkpt>
   <trkpt lat="-33.90583" lon="23.63651">
    <ele>351.62000000000006</ele>
   </trkpt>
   <trkpt lat="-33.90589" lon="23.63613">
    <ele>343.27000000000004</ele>
   </trkpt>
   <trkpt lat="-33.90598" lon="23.636100000000003">
    <ele>340.15</ele>
   </trkpt>
   <trkpt lat="-33.90612" lon="23.635980000000004">
    <ele>332.04</ele>
   </trkpt>
   <trkpt lat="-33.90639" lon="23.63595">
    <ele>325.23</ele>
   </trkpt>
   <trkpt lat="-33.90648" lon="23.636010000000002">
    <ele>323.03000000000003</ele>
   </trkpt>
   <trkpt lat="-33.90648" lon="23.636210000000002">
    <ele>320.44</ele>
   </trkpt>
   <trkpt lat="-33.90645" lon="23.63643">
    <ele>321.04</ele>
   </trkpt>
   <trkpt lat="-33.9065" lon="23.636560000000003">
    <ele>321.47</ele>
   </trkpt>
   <trkpt lat="-33.90666" lon="23.63661">
    <ele>320.40000000000003</ele>
   </trkpt>
   <trkpt lat="-33.90697" lon="23.636490000000002">
    <ele>314.85</ele>
   </trkpt>
   <trkpt lat="-33.90704" lon="23.63624">
    <ele>312.59000000000003</ele>
   </trkpt>
   <trkpt lat="-33.90724" lon="23.636200000000002">
    <ele>312.29</ele>
   </trkpt>
   <trkpt lat="-33.90724" lon="23.63641">
    <ele>315.94</ele>
   </trkpt>
   <trkpt lat="-33.90748" lon="23.636550000000003">
    <ele>318.8</ele>
   </trkpt>
   <trkpt lat="-33.90782" lon="23.63642">
    <ele>326.35</ele>
   </trkpt>
   <trkpt lat="-33.90807" lon="23.63635">
    <ele>333.35</ele>
   </trkpt>
   <trkpt lat="-33.90824" lon="23.636360000000003">
    <ele>336.71</ele>
   </trkpt>
   <trkpt lat="-33.90847" lon="23.63644">
    <ele>341.21</ele>
   </trkpt>
   <trkpt lat="-33.90867" lon="23.63661">
    <ele>343.98</ele>
   </trkpt>
   <trkpt lat="-33.90869" lon="23.63671">
    <ele>345.99</ele>
   </trkpt>
   <trkpt lat="-33.90892" lon="23.636870000000002">
    <ele>350.57000000000005</ele>
   </trkpt>
   <trkpt lat="-33.9091" lon="23.63669">
    <ele>356.61</ele>
   </trkpt>
   <trkpt lat="-33.90927" lon="23.63613">
    <ele>364.22</ele>
   </trkpt>
   <trkpt lat="-33.90941" lon="23.63584">
    <ele>370.28000000000003</ele>
   </trkpt>
   <trkpt lat="-33.90968" lon="23.635910000000003">
    <ele>373.9</ele>
   </trkpt>
   <trkpt lat="-33.91028" lon="23.63577">
    <ele>376.68</ele>
   </trkpt>
   <trkpt lat="-33.91084" lon="23.635510000000004">
    <ele>376.16</ele>
   </trkpt>
   <trkpt lat="-33.91095" lon="23.635360000000002">
    <ele>376.02000000000004</ele>
   </trkpt>
   <trkpt lat="-33.91107" lon="23.63528">
    <ele>376.04</ele>
   </trkpt>
   <trkpt lat="-33.9114" lon="23.63501">
    <ele>375.32000000000005</ele>
   </trkpt>
   <trkpt lat="-33.91151" lon="23.63473">
    <ele>371.81</ele>
   </trkpt>
   <trkpt lat="-33.91171" lon="23.63437">
    <ele>369.42</ele>
   </trkpt>
   <trkpt lat="-33.91205" lon="23.63397">
    <ele>373.89000000000004</ele>
   </trkpt>
   <trkpt lat="-33.91216" lon="23.633930000000003">
    <ele>375.57</ele>
   </trkpt>
   <trkpt lat="-33.91245" lon="23.634040000000002">
    <ele>379.65000000000003</ele>
   </trkpt>
   <trkpt lat="-33.91257" lon="23.634040000000002">
    <ele>381.12</ele>
   </trkpt>
   <trkpt lat="-33.91297" lon="23.63427">
    <ele>391.31000000000006</ele>
   </trkpt>
   <trkpt lat="-33.913474999974106" lon="23.634304999790466">
    <ele>402.33000000000004</ele>
   </trkpt>
   <trkpt lat="-33.91398" lon="23.63434">
    <ele>409.37</ele>
   </trkpt>
   <trkpt lat="-33.91413" lon="23.63427">
    <ele>409.13000000000005</ele>
   </trkpt>
   <trkpt lat="-33.91427" lon="23.634140000000002">
    <ele>406.96000000000004</ele>
   </trkpt>
   <trkpt lat="-33.91433" lon="23.634110000000003">
    <ele>405.11</ele>
   </trkpt>
   <trkpt lat="-33.91449" lon="23.63409">
    <ele>401.81000000000006</ele>
   </trkpt>
   <trkpt lat="-33.9146" lon="23.634140000000002">
    <ele>398.20000000000005</ele>
   </trkpt>
   <trkpt lat="-33.91483" lon="23.63418">
    <ele>393.77</ele>
   </trkpt>
   <trkpt lat="-33.91501" lon="23.63427">
    <ele>388.67</ele>
   </trkpt>
   <trkpt lat="-33.91503" lon="23.63434">
    <ele>386.77000000000004</ele>
   </trkpt>
   <trkpt lat="-33.91521" lon="23.634490000000003">
    <ele>384.03000000000003</ele>
   </trkpt>
   <trkpt lat="-33.91565" lon="23.63483">
    <ele>374.25</ele>
   </trkpt>
   <trkpt lat="-33.91579" lon="23.63513">
    <ele>370.42</ele>
   </trkpt>
   <trkpt lat="-33.91592" lon="23.635360000000002">
    <ele>368.89000000000004</ele>
   </trkpt>
   <trkpt lat="-33.91597" lon="23.63569">
    <ele>365.36</ele>
   </trkpt>
   <trkpt lat="-33.916000000000004" lon="23.63575">
    <ele>365.36</ele>
   </trkpt>
   <trkpt lat="-33.91603" lon="23.63585">
    <ele>363.84000000000003</ele>
   </trkpt>
   <trkpt lat="-33.91601" lon="23.636100000000003">
    <ele>362.41</ele>
   </trkpt>
   <trkpt lat="-33.91637" lon="23.636450000000004">
    <ele>353.94</ele>
   </trkpt>
   <trkpt lat="-33.91646" lon="23.63663">
    <ele>350.42</ele>
   </trkpt>
   <trkpt lat="-33.91642" lon="23.637040000000002">
    <ele>343.94</ele>
   </trkpt>
   <trkpt lat="-33.91673" lon="23.63766">
    <ele>333.43</ele>
   </trkpt>
   <trkpt lat="-33.9168" lon="23.63804">
    <ele>328.52000000000004</ele>
   </trkpt>
   <trkpt lat="-33.917" lon="23.638450000000002">
    <ele>320.1</ele>
   </trkpt>
   <trkpt lat="-33.91706" lon="23.638700000000004">
    <ele>310.35</ele>
   </trkpt>
   <trkpt lat="-33.91727" lon="23.63894">
    <ele>303.95</ele>
   </trkpt>
   <trkpt lat="-33.91742" lon="23.639200000000002">
    <ele>298.38000000000005</ele>
   </trkpt>
   <trkpt lat="-33.91747" lon="23.639190000000003">
    <ele>298.38000000000005</ele>
   </trkpt>
   <trkpt lat="-33.91756" lon="23.63877">
    <ele>290.84999999999997</ele>
   </trkpt>
   <trkpt lat="-33.91787" lon="23.6382">
    <ele>304.31</ele>
   </trkpt>
   <trkpt lat="-33.91805" lon="23.638090000000002">
    <ele>311.20000000000005</ele>
   </trkpt>
   <trkpt lat="-33.91832" lon="23.638080000000002">
    <ele>323.58000000000004</ele>
   </trkpt>
   <trkpt lat="-33.91847" lon="23.638180000000002">
    <ele>327.20000000000005</ele>
   </trkpt>
   <trkpt lat="-33.91854" lon="23.638180000000002">
    <ele>328.89</ele>
   </trkpt>
   <trkpt lat="-33.91861" lon="23.6381">
    <ele>330.0</ele>
   </trkpt>
   <trkpt lat="-33.91856" lon="23.637970000000003">
    <ele>330.64000000000004</ele>
   </trkpt>
   <trkpt lat="-33.91856" lon="23.637760000000004">
    <ele>331.98</ele>
   </trkpt>
   <trkpt lat="-33.91863" lon="23.63745">
    <ele>334.67</ele>
   </trkpt>
   <trkpt lat="-33.91874" lon="23.637130000000003">
    <ele>336.63000000000005</ele>
   </trkpt>
   <trkpt lat="-33.91866500162267" lon="23.636489999159338">
    <ele>339.12</ele>
   </trkpt>
   <trkpt lat="-33.91859" lon="23.63585">
    <ele>342.26</ele>
   </trkpt>
   <trkpt lat="-33.91859" lon="23.63539">
    <ele>343.86000000000007</ele>
   </trkpt>
   <trkpt lat="-33.91872" lon="23.635">
    <ele>345.40000000000003</ele>
   </trkpt>
   <trkpt lat="-33.91906" lon="23.634320000000002">
    <ele>349.56</ele>
   </trkpt>
   <trkpt lat="-33.919200000000004" lon="23.633930000000003">
    <ele>354.02</ele>
   </trkpt>
   <trkpt lat="-33.91924" lon="23.63372">
    <ele>355.44000000000005</ele>
   </trkpt>
   <trkpt lat="-33.91924" lon="23.63334">
    <ele>359.54</ele>
   </trkpt>
   <trkpt lat="-33.91928" lon="23.63296">
    <ele>362.31</ele>
   </trkpt>
   <trkpt lat="-33.91933" lon="23.632820000000002">
    <ele>363.46</ele>
   </trkpt>
   <trkpt lat="-33.91946" lon="23.63267">
    <ele>366.65000000000003</ele>
   </trkpt>
   <trkpt lat="-33.91964" lon="23.632640000000002">
    <ele>368.03000000000003</ele>
   </trkpt>
   <trkpt lat="-33.920130000804924" lon="23.633109997212813">
    <ele>365.01000000000005</ele>
   </trkpt>
   <trkpt lat="-33.92062" lon="23.633580000000002">
    <ele>362.50000000000006</ele>
   </trkpt>
   <trkpt lat="-33.92129500181207" lon="23.634274994349603">
    <ele>357.78000000000003</ele>
   </trkpt>
   <trkpt lat="-33.92197" lon="23.634970000000003">
    <ele>351.42</ele>
   </trkpt>
   <trkpt lat="-33.92244" lon="23.635650000000002">
    <ele>345.28000000000003</ele>
   </trkpt>
   <trkpt lat="-33.923" lon="23.636380000000003">
    <ele>340.80000000000007</ele>
   </trkpt>
   <trkpt lat="-33.92338" lon="23.63672">
    <ele>341.86000000000007</ele>
   </trkpt>
   <trkpt lat="-33.92398" lon="23.637010000000004">
    <ele>345.27000000000004</ele>
   </trkpt>
   <trkpt lat="-33.92478000003611" lon="23.637244997738097">
    <ele>344.42</ele>
   </trkpt>
   <trkpt lat="-33.925580000000004" lon="23.637480000000004">
    <ele>342.97</ele>
   </trkpt>
   <trkpt lat="-33.92564" lon="23.637210000000003">
    <ele>345.01000000000005</ele>
   </trkpt>
   <trkpt lat="-33.92566" lon="23.6365">
    <ele>348.22</ele>
   </trkpt>
   <trkpt lat="-33.92559" lon="23.63632">
    <ele>349.42</ele>
   </trkpt>
   <trkpt lat="-33.92560500168232" lon="23.63567500006998">
    <ele>352.86</ele>
   </trkpt>
   <trkpt lat="-33.92562" lon="23.63503">
    <ele>353.44</ele>
   </trkpt>
   <trkpt lat="-33.92568500161922" lon="23.634400000333304">
    <ele>355.81</ele>
   </trkpt>
   <trkpt lat="-33.92575" lon="23.633770000000002">
    <ele>361.99</ele>
   </trkpt>
   <trkpt lat="-33.92575" lon="23.633760000000002">
    <ele>362.00000000000006</ele>
   </trkpt>
   <trkpt lat="-33.92579" lon="23.633350000000004">
    <ele>365.68</ele>
   </trkpt>
   <trkpt lat="-33.926" lon="23.6323">
    <ele>369.70000000000005</ele>
   </trkpt>
   <trkpt lat="-33.92602" lon="23.63147">
    <ele>372.91</ele>
   </trkpt>
   <trkpt lat="-33.92615" lon="23.631410000000002">
    <ele>372.68</ele>
   </trkpt>
   <trkpt lat="-33.9264" lon="23.631600000000002">
    <ele>371.76000000000005</ele>
   </trkpt>
   <trkpt lat="-33.92667" lon="23.63163">
    <ele>371.75</ele>
   </trkpt>
   <trkpt lat="-33.92682" lon="23.63162">
    <ele>371.84</ele>
   </trkpt>
   <trkpt lat="-33.927" lon="23.631520000000002">
    <ele>372.11000000000007</ele>
   </trkpt>
   <trkpt lat="-33.92723" lon="23.631190000000004">
    <ele>372.11000000000007</ele>
   </trkpt>
   <trkpt lat="-33.92747" lon="23.630670000000002">
    <ele>372.37</ele>
   </trkpt>
   <trkpt lat="-33.92759" lon="23.630010000000002">
    <ele>369.66</ele>
   </trkpt>
   <trkpt lat="-33.92761" lon="23.62966">
    <ele>366.67</ele>
   </trkpt>
   <trkpt lat="-33.92756" lon="23.62912">
    <ele>361.31</ele>
   </trkpt>
   <trkpt lat="-33.92763" lon="23.629">
    <ele>361.27000000000004</ele>
   </trkpt>
   <trkpt lat="-33.927670000000006" lon="23.62901">
    <ele>361.40000000000003</ele>
   </trkpt>
   <trkpt lat="-33.92779" lon="23.628960000000003">
    <ele>365.85</ele>
   </trkpt>
   <trkpt lat="-33.92794" lon="23.628950000000003">
    <ele>366.88000000000005</ele>
   </trkpt>
   <trkpt lat="-33.92808" lon="23.628870000000003">
    <ele>372.48</ele>
   </trkpt>
   <trkpt lat="-33.92826" lon="23.62882">
    <ele>374.65000000000003</ele>
   </trkpt>
   <trkpt lat="-33.92844" lon="23.62893">
    <ele>374.61000000000007</ele>
   </trkpt>
   <trkpt lat="-33.92862" lon="23.6293">
    <ele>369.72</ele>
   </trkpt>
   <trkpt lat="-33.92873" lon="23.629320000000003">
    <ele>368.89000000000004</ele>
   </trkpt>
   <trkpt lat="-33.92877" lon="23.629450000000002">
    <ele>367.87</ele>
   </trkpt>
   <trkpt lat="-33.92915" lon="23.62949">
    <ele>367.7300000000001</ele>
   </trkpt>
   <trkpt lat="-33.92935" lon="23.629350000000002">
    <ele>366.72</ele>
   </trkpt>
   <trkpt lat="-33.92953" lon="23.629320000000003">
    <ele>364.62000000000006</ele>
   </trkpt>
   <trkpt lat="-33.92971" lon="23.629550000000002">
    <ele>361.40000000000003</ele>
   </trkpt>
   <trkpt lat="-33.92987" lon="23.62958">
    <ele>360.6</ele>
   </trkpt>
   <trkpt lat="-33.92996" lon="23.62968">
    <ele>359.44000000000005</ele>
   </trkpt>
   <trkpt lat="-33.92996" lon="23.62993">
    <ele>356.32</ele>
   </trkpt>
   <trkpt lat="-33.93005" lon="23.630010000000002">
    <ele>355.29</ele>
   </trkpt>
   <trkpt lat="-33.93034" lon="23.630460000000003">
    <ele>352.52000000000004</ele>
   </trkpt>
   <trkpt lat="-33.93065" lon="23.63087">
    <ele>350.83000000000004</ele>
   </trkpt>
   <trkpt lat="-33.93101" lon="23.63145">
    <ele>347.36</ele>
   </trkpt>
   <trkpt lat="-33.93121" lon="23.631680000000003">
    <ele>345.53</ele>
   </trkpt>
   <trkpt lat="-33.93141" lon="23.63182">
    <ele>344.48</ele>
   </trkpt>
   <trkpt lat="-33.93153" lon="23.63194">
    <ele>343.32</ele>
   </trkpt>
   <trkpt lat="-33.93153" lon="23.632060000000003">
    <ele>341.94</ele>
   </trkpt>
   <trkpt lat="-33.93166" lon="23.63238">
    <ele>339.82</ele>
   </trkpt>
   <trkpt lat="-33.93179" lon="23.63258">
    <ele>339.61</ele>
   </trkpt>
   <trkpt lat="-33.93206" lon="23.63265">
    <ele>340.46000000000004</ele>
   </trkpt>
   <trkpt lat="-33.93224" lon="23.632550000000002">
    <ele>341.76</ele>
   </trkpt>
   <trkpt lat="-33.93233" lon="23.632440000000003">
    <ele>341.52000000000004</ele>
   </trkpt>
   <trkpt lat="-33.93256" lon="23.632360000000002">
    <ele>338.15</ele>
   </trkpt>
   <trkpt lat="-33.93264" lon="23.63228">
    <ele>336.59</ele>
   </trkpt>
   <trkpt lat="-33.93276" lon="23.6321">
    <ele>332.23</ele>
   </trkpt>
   <trkpt lat="-33.93289" lon="23.63212">
    <ele>325.82000000000005</ele>
   </trkpt>
   <trkpt lat="-33.93298" lon="23.632070000000002">
    <ele>324.40000000000003</ele>
   </trkpt>
   <trkpt lat="-33.93305" lon="23.631970000000003">
    <ele>322.22</ele>
   </trkpt>
   <trkpt lat="-33.93312" lon="23.630930000000003">
    <ele>309.28</ele>
   </trkpt>
   <trkpt lat="-33.93307" lon="23.63041">
    <ele>305.45</ele>
   </trkpt>
   <trkpt lat="-33.932990000000004" lon="23.63006">
    <ele>309.00000000000006</ele>
   </trkpt>
   <trkpt lat="-33.93291" lon="23.629920000000002">
    <ele>311.70000000000005</ele>
   </trkpt>
   <trkpt lat="-33.93264" lon="23.629160000000002">
    <ele>321.17</ele>
   </trkpt>
   <trkpt lat="-33.93263" lon="23.628950000000003">
    <ele>323.52000000000004</ele>
   </trkpt>
   <trkpt lat="-33.93271" lon="23.628030000000003">
    <ele>332.15</ele>
   </trkpt>
   <trkpt lat="-33.93271" lon="23.627460000000003">
    <ele>332.84000000000003</ele>
   </trkpt>
   <trkpt lat="-33.93267" lon="23.62685">
    <ele>330.09000000000003</ele>
   </trkpt>
   <trkpt lat="-33.93267" lon="23.625790000000002">
    <ele>330.81000000000006</ele>
   </trkpt>
   <trkpt lat="-33.93264" lon="23.625280000000004">
    <ele>334.35</ele>
   </trkpt>
   <trkpt lat="-33.93247" lon="23.624370000000003">
    <ele>342.99</ele>
   </trkpt>
   <trkpt lat="-33.93247" lon="23.624090000000002">
    <ele>343.82</ele>
   </trkpt>
   <trkpt lat="-33.932410000000004" lon="23.623820000000002">
    <ele>345.88</ele>
   </trkpt>
   <trkpt lat="-33.93222" lon="23.623410000000003">
    <ele>350.42</ele>
   </trkpt>
   <trkpt lat="-33.93191" lon="23.62283">
    <ele>355.79</ele>
   </trkpt>
   <trkpt lat="-33.93141" lon="23.622280000000003">
    <ele>361.93</ele>
   </trkpt>
   <trkpt lat="-33.93121" lon="23.62199">
    <ele>363.58</ele>
   </trkpt>
   <trkpt lat="-33.93121" lon="23.62188">
    <ele>363.58</ele>
   </trkpt>
   <trkpt lat="-33.93128" lon="23.62168">
    <ele>364.48</ele>
   </trkpt>
   <trkpt lat="-33.931400000000004" lon="23.621550000000003">
    <ele>364.32000000000005</ele>
   </trkpt>
   <trkpt lat="-33.93144" lon="23.6212">
    <ele>362.49</ele>
   </trkpt>
   <trkpt lat="-33.93141" lon="23.620610000000003">
    <ele>359.44000000000005</ele>
   </trkpt>
   <trkpt lat="-33.93137" lon="23.620420000000003">
    <ele>355.40000000000003</ele>
   </trkpt>
   <trkpt lat="-33.93135" lon="23.6202">
    <ele>354.98</ele>
   </trkpt>
   <trkpt lat="-33.93132" lon="23.62018">
    <ele>354.61</ele>
   </trkpt>
   <trkpt lat="-33.93128" lon="23.619970000000002">
    <ele>353.55</ele>
   </trkpt>
   <trkpt lat="-33.93126" lon="23.619930000000004">
    <ele>353.37</ele>
   </trkpt>
   <trkpt lat="-33.9311" lon="23.619010000000003">
    <ele>350.76</ele>
   </trkpt>
   <trkpt lat="-33.93106" lon="23.618340000000003">
    <ele>344.83000000000004</ele>
   </trkpt>
   <trkpt lat="-33.93112" lon="23.617520000000003">
    <ele>338.64000000000004</ele>
   </trkpt>
   <trkpt lat="-33.93115" lon="23.616660000000003">
    <ele>329.56</ele>
   </trkpt>
   <trkpt lat="-33.93094" lon="23.61606">
    <ele>326.82</ele>
   </trkpt>
   <trkpt lat="-33.9307" lon="23.615720000000003">
    <ele>327.89</ele>
   </trkpt>
   <trkpt lat="-33.93036" lon="23.61541">
    <ele>328.85</ele>
   </trkpt>
   <trkpt lat="-33.93023" lon="23.61532">
    <ele>328.85</ele>
   </trkpt>
   <trkpt lat="-33.93007" lon="23.615280000000002">
    <ele>329.14000000000004</ele>
   </trkpt>
   <trkpt lat="-33.92967" lon="23.61529">
    <ele>329.35</ele>
   </trkpt>
   <trkpt lat="-33.92931" lon="23.61567">
    <ele>333.53000000000003</ele>
   </trkpt>
   <trkpt lat="-33.92915" lon="23.616190000000003">
    <ele>336.51000000000005</ele>
   </trkpt>
   <trkpt lat="-33.929" lon="23.61625">
    <ele>337.52000000000004</ele>
   </trkpt>
   <trkpt lat="-33.92853" lon="23.6155">
    <ele>341.86000000000007</ele>
   </trkpt>
   <trkpt lat="-33.92815" lon="23.615160000000003">
    <ele>344.08000000000004</ele>
   </trkpt>
   <trkpt lat="-33.92806" lon="23.61503">
    <ele>345.2</ele>
   </trkpt>
   <trkpt lat="-33.92801" lon="23.614910000000002">
    <ele>347.18000000000006</ele>
   </trkpt>
   <trkpt lat="-33.92801" lon="23.614710000000002">
    <ele>352.43</ele>
   </trkpt>
   <trkpt lat="-33.92806" lon="23.61455">
    <ele>354.84000000000003</ele>
   </trkpt>
   <trkpt lat="-33.92815" lon="23.61438">
    <ele>356.73</ele>
   </trkpt>
   <trkpt lat="-33.92824" lon="23.614310000000003">
    <ele>356.40000000000003</ele>
   </trkpt>
   <trkpt lat="-33.92832" lon="23.61418">
    <ele>355.65000000000003</ele>
   </trkpt>
   <trkpt lat="-33.92844" lon="23.6141">
    <ele>353.83000000000004</ele>
   </trkpt>
   <trkpt lat="-33.92848" lon="23.613940000000003">
    <ele>352.27000000000004</ele>
   </trkpt>
   <trkpt lat="-33.92855" lon="23.613830000000004">
    <ele>349.99</ele>
   </trkpt>
   <trkpt lat="-33.92866" lon="23.613500000000002">
    <ele>344.64</ele>
   </trkpt>
   <trkpt lat="-33.92893" lon="23.613080000000004">
    <ele>335.29</ele>
   </trkpt>
   <trkpt lat="-33.92897" lon="23.61297">
    <ele>334.34000000000003</ele>
   </trkpt>
   <trkpt lat="-33.92897" lon="23.61289">
    <ele>332.53000000000003</ele>
   </trkpt>
   <trkpt lat="-33.929" lon="23.61276">
    <ele>329.15000000000003</ele>
   </trkpt>
   <trkpt lat="-33.929" lon="23.61259">
    <ele>327.26000000000005</ele>
   </trkpt>
   <trkpt lat="-33.92904" lon="23.612250000000003">
    <ele>320.8</ele>
   </trkpt>
   <trkpt lat="-33.92911" lon="23.612160000000003">
    <ele>318.36</ele>
   </trkpt>
   <trkpt lat="-33.92911" lon="23.612090000000002">
    <ele>317.8</ele>
   </trkpt>
   <trkpt lat="-33.92915" lon="23.611980000000003">
    <ele>317.04</ele>
   </trkpt>
   <trkpt lat="-33.92926" lon="23.61182">
    <ele>316.87000000000006</ele>
   </trkpt>
   <trkpt lat="-33.92931" lon="23.611690000000003">
    <ele>317.48</ele>
   </trkpt>
   <trkpt lat="-33.92922" lon="23.611330000000002">
    <ele>318.73</ele>
   </trkpt>
   <trkpt lat="-33.92888" lon="23.61091">
    <ele>316.49000000000007</ele>
   </trkpt>
   <trkpt lat="-33.92929" lon="23.61091">
    <ele>313.39</ele>
   </trkpt>
   <trkpt lat="-33.92938" lon="23.610940000000003">
    <ele>313.46000000000004</ele>
   </trkpt>
   <trkpt lat="-33.92951" lon="23.61109">
    <ele>313.90000000000003</ele>
   </trkpt>
   <trkpt lat="-33.92956" lon="23.61109">
    <ele>313.90000000000003</ele>
   </trkpt>
   <trkpt lat="-33.92962" lon="23.61118">
    <ele>314.95</ele>
   </trkpt>
   <trkpt lat="-33.92969" lon="23.61138">
    <ele>316.90000000000003</ele>
   </trkpt>
   <trkpt lat="-33.92976" lon="23.61144">
    <ele>317.63</ele>
   </trkpt>
   <trkpt lat="-33.92976" lon="23.611510000000003">
    <ele>319.96000000000004</ele>
   </trkpt>
   <trkpt lat="-33.9298" lon="23.61148">
    <ele>319.96000000000004</ele>
   </trkpt>
   <trkpt lat="-33.92987" lon="23.611240000000002">
    <ele>324.97</ele>
   </trkpt>
   <trkpt lat="-33.9298" lon="23.610930000000003">
    <ele>327.33</ele>
   </trkpt>
   <trkpt lat="-33.92978" lon="23.61035">
    <ele>331.18</ele>
   </trkpt>
   <trkpt lat="-33.92982" lon="23.610120000000002">
    <ele>332.25000000000006</ele>
   </trkpt>
   <trkpt lat="-33.92998" lon="23.60959">
    <ele>330.36</ele>
   </trkpt>
   <trkpt lat="-33.93" lon="23.609270000000002">
    <ele>326.45</ele>
   </trkpt>
   <trkpt lat="-33.92985" lon="23.608330000000002">
    <ele>327.15000000000003</ele>
   </trkpt>
   <trkpt lat="-33.92991" lon="23.60797">
    <ele>323.69000000000005</ele>
   </trkpt>
   <trkpt lat="-33.92998" lon="23.607850000000003">
    <ele>320.6</ele>
   </trkpt>
   <trkpt lat="-33.93007" lon="23.607570000000003">
    <ele>316.62</ele>
   </trkpt>
   <trkpt lat="-33.93016" lon="23.6075">
    <ele>311.93</ele>
   </trkpt>
   <trkpt lat="-33.93018" lon="23.60742">
    <ele>310.88000000000005</ele>
   </trkpt>
   <trkpt lat="-33.93025" lon="23.607280000000003">
    <ele>308.3</ele>
   </trkpt>
   <trkpt lat="-33.93052" lon="23.60696">
    <ele>303.23</ele>
   </trkpt>
   <trkpt lat="-33.93063" lon="23.60678">
    <ele>302.32000000000005</ele>
   </trkpt>
   <trkpt lat="-33.93108" lon="23.60678">
    <ele>300.53000000000003</ele>
   </trkpt>
   <trkpt lat="-33.93128" lon="23.60685">
    <ele>297.51</ele>
   </trkpt>
   <trkpt lat="-33.93164" lon="23.60703">
    <ele>292.93</ele>
   </trkpt>
   <trkpt lat="-33.93186" lon="23.60706">
    <ele>292.07</ele>
   </trkpt>
   <trkpt lat="-33.93195" lon="23.606990000000003">
    <ele>290.57000000000005</ele>
   </trkpt>
   <trkpt lat="-33.93217" lon="23.606930000000002">
    <ele>289.89000000000004</ele>
   </trkpt>
   <trkpt lat="-33.93224" lon="23.60675">
    <ele>290.22</ele>
   </trkpt>
   <trkpt lat="-33.93224" lon="23.60658">
    <ele>291.22</ele>
   </trkpt>
   <trkpt lat="-33.93204" lon="23.6062">
    <ele>294.56000000000006</ele>
   </trkpt>
   <trkpt lat="-33.932" lon="23.605900000000002">
    <ele>296.81</ele>
   </trkpt>
   <trkpt lat="-33.93209" lon="23.60566">
    <ele>298.21000000000004</ele>
   </trkpt>
   <trkpt lat="-33.93215" lon="23.605590000000003">
    <ele>298.34000000000003</ele>
   </trkpt>
   <trkpt lat="-33.93222" lon="23.605420000000002">
    <ele>298.92</ele>
   </trkpt>
   <trkpt lat="-33.93273" lon="23.604920000000003">
    <ele>297.87</ele>
   </trkpt>
   <trkpt lat="-33.93298" lon="23.604770000000002">
    <ele>295.89000000000004</ele>
   </trkpt>
   <trkpt lat="-33.93327" lon="23.604840000000003">
    <ele>293.89000000000004</ele>
   </trkpt>
   <trkpt lat="-33.93365" lon="23.604650000000003">
    <ele>289.82</ele>
   </trkpt>
   <trkpt lat="-33.93394" lon="23.60435">
    <ele>290.00000000000006</ele>
   </trkpt>
   <trkpt lat="-33.93395" lon="23.60434">
    <ele>290.05</ele>
   </trkpt>
   <trkpt lat="-33.93435" lon="23.60413">
    <ele>286.40999999999997</ele>
   </trkpt>
   <trkpt lat="-33.93457" lon="23.603920000000002">
    <ele>285.34000000000003</ele>
   </trkpt>
   <trkpt lat="-33.93473" lon="23.603610000000003">
    <ele>282.57000000000005</ele>
   </trkpt>
   <trkpt lat="-33.93468" lon="23.603340000000003">
    <ele>282.29</ele>
   </trkpt>
   <trkpt lat="-33.9347" lon="23.602970000000003">
    <ele>282.67</ele>
   </trkpt>
   <trkpt lat="-33.93473" lon="23.60293">
    <ele>282.54</ele>
   </trkpt>
   <trkpt lat="-33.93477" lon="23.602590000000003">
    <ele>282.95000000000005</ele>
   </trkpt>
   <trkpt lat="-33.93475" lon="23.602300000000003">
    <ele>284.79</ele>
   </trkpt>
   <trkpt lat="-33.93477" lon="23.602100000000004">
    <ele>284.90000000000003</ele>
   </trkpt>
   <trkpt lat="-33.93493" lon="23.60181">
    <ele>283.35</ele>
   </trkpt>
   <trkpt lat="-33.9352" lon="23.601750000000003">
    <ele>281.02000000000004</ele>
   </trkpt>
   <trkpt lat="-33.93542" lon="23.601630000000004">
    <ele>278.95000000000005</ele>
   </trkpt>
   <trkpt lat="-33.93571" lon="23.6014">
    <ele>275.32</ele>
   </trkpt>
   <trkpt lat="-33.93625" lon="23.60114">
    <ele>270.93</ele>
   </trkpt>
   <trkpt lat="-33.93656" lon="23.601210000000002">
    <ele>269.69000000000005</ele>
   </trkpt>
   <trkpt lat="-33.93688" lon="23.601470000000003">
    <ele>268.85</ele>
   </trkpt>
   <trkpt lat="-33.9371" lon="23.60162">
    <ele>266.78000000000003</ele>
   </trkpt>
   <trkpt lat="-33.93723" lon="23.60168">
    <ele>266.21</ele>
   </trkpt>
   <trkpt lat="-33.93741" lon="23.60172">
    <ele>265.29</ele>
   </trkpt>
   <trkpt lat="-33.93762" lon="23.60171">
    <ele>264.82</ele>
   </trkpt>
   <trkpt lat="-33.93788" lon="23.601730000000003">
    <ele>264.43</ele>
   </trkpt>
   <trkpt lat="-33.93806" lon="23.6018">
    <ele>264.68</ele>
   </trkpt>
   <trkpt lat="-33.93829" lon="23.601960000000002">
    <ele>264.55</ele>
   </trkpt>
   <trkpt lat="-33.93858" lon="23.602110000000003">
    <ele>264.73</ele>
   </trkpt>
   <trkpt lat="-33.93898" lon="23.602110000000003">
    <ele>266.0</ele>
   </trkpt>
   <trkpt lat="-33.93914" lon="23.60219">
    <ele>267.39</ele>
   </trkpt>
   <trkpt lat="-33.9392" lon="23.60234">
    <ele>268.26</ele>
   </trkpt>
   <trkpt lat="-33.9392" lon="23.602490000000003">
    <ele>268.57000000000005</ele>
   </trkpt>
   <trkpt lat="-33.93914" lon="23.602950000000003">
    <ele>267.98</ele>
   </trkpt>
   <trkpt lat="-33.93914" lon="23.6031">
    <ele>267.08000000000004</ele>
   </trkpt>
   <trkpt lat="-33.93916" lon="23.603150000000003">
    <ele>266.68</ele>
   </trkpt>
   <trkpt lat="-33.9392" lon="23.60321">
    <ele>266.23</ele>
   </trkpt>
   <trkpt lat="-33.93947" lon="23.603440000000003">
    <ele>263.1</ele>
   </trkpt>
   <trkpt lat="-33.93976" lon="23.603600000000004">
    <ele>263.53999999999996</ele>
   </trkpt>
   <trkpt lat="-33.93992" lon="23.603740000000002">
    <ele>264.61</ele>
   </trkpt>
   <trkpt lat="-33.94014" lon="23.604020000000002">
    <ele>265.43</ele>
   </trkpt>
   <trkpt lat="-33.94023" lon="23.604070000000004">
    <ele>265.42</ele>
   </trkpt>
   <trkpt lat="-33.94077" lon="23.603900000000003">
    <ele>265.39</ele>
   </trkpt>
   <trkpt lat="-33.94131" lon="23.603810000000003">
    <ele>265.45</ele>
   </trkpt>
   <trkpt lat="-33.94158" lon="23.603720000000003">
    <ele>265.26</ele>
   </trkpt>
   <trkpt lat="-33.94205" lon="23.60366">
    <ele>265.05</ele>
   </trkpt>
   <trkpt lat="-33.94245" lon="23.603700000000003">
    <ele>265.02000000000004</ele>
   </trkpt>
   <trkpt lat="-33.94274" lon="23.603620000000003">
    <ele>264.8</ele>
   </trkpt>
   <trkpt lat="-33.94294" lon="23.603320000000004">
    <ele>264.32</ele>
   </trkpt>
   <trkpt lat="-33.94301" lon="23.60312">
    <ele>264.03000000000003</ele>
   </trkpt>
   <trkpt lat="-33.94326" lon="23.602700000000002">
    <ele>263.03000000000003</ele>
   </trkpt>
   <trkpt lat="-33.94355" lon="23.602300000000003">
    <ele>261.34000000000003</ele>
   </trkpt>
   <trkpt lat="-33.94415" lon="23.60181">
    <ele>258.32</ele>
   </trkpt>
   <trkpt lat="-33.94437" lon="23.601750000000003">
    <ele>257.89</ele>
   </trkpt>
   <trkpt lat="-33.944930000113395" lon="23.601864999255742">
    <ele>257.70000000000005</ele>
   </trkpt>
   <trkpt lat="-33.94549" lon="23.60198">
    <ele>257.34000000000003</ele>
   </trkpt>
   <trkpt lat="-33.94603" lon="23.602140000000002">
    <ele>256.74</ele>
   </trkpt>
   <trkpt lat="-33.94655999994805" lon="23.6021250000949">
    <ele>254.70000000000005</ele>
   </trkpt>
   <trkpt lat="-33.94709" lon="23.602110000000003">
    <ele>253.31000000000003</ele>
   </trkpt>
   <trkpt lat="-33.947100000000006" lon="23.602110000000003">
    <ele>253.29000000000002</ele>
   </trkpt>
   <trkpt lat="-33.94742" lon="23.602110000000003">
    <ele>252.14000000000001</ele>
   </trkpt>
   <trkpt lat="-33.94782" lon="23.60219">
    <ele>251.32000000000005</ele>
   </trkpt>
   <trkpt lat="-33.94847" lon="23.602500000000003">
    <ele>249.54000000000002</ele>
   </trkpt>
   <trkpt lat="-33.9487" lon="23.602590000000003">
    <ele>249.44000000000003</ele>
   </trkpt>
   <trkpt lat="-33.94928" lon="23.602690000000003">
    <ele>248.92000000000002</ele>
   </trkpt>
   <trkpt lat="-33.949780000000004" lon="23.60282">
    <ele>248.70000000000002</ele>
   </trkpt>
   <trkpt lat="-33.95042" lon="23.60291">
    <ele>248.46</ele>
   </trkpt>
   <trkpt lat="-33.951" lon="23.602780000000003">
    <ele>248.17000000000002</ele>
   </trkpt>
   <trkpt lat="-33.95118" lon="23.602780000000003">
    <ele>247.88000000000002</ele>
   </trkpt>
   <trkpt lat="-33.95136" lon="23.60282">
    <ele>247.88000000000002</ele>
   </trkpt>
   <trkpt lat="-33.952025001062474" lon="23.603114993087182">
    <ele>247.51</ele>
   </trkpt>
   <trkpt lat="-33.95269000142132" lon="23.60340999078485">
    <ele>246.58</ele>
   </trkpt>
   <trkpt lat="-33.953355001076496" lon="23.603704993093206">
    <ele>245.50000000000003</ele>
   </trkpt>
   <trkpt lat="-33.95402" lon="23.604000000000003">
    <ele>244.48000000000002</ele>
   </trkpt>
   <trkpt lat="-33.95472000085671" lon="23.604269993325737">
    <ele>244.09000000000003</ele>
   </trkpt>
   <trkpt lat="-33.955420001123954" lon="23.604539991093787">
    <ele>243.33</ele>
   </trkpt>
   <trkpt lat="-33.95612000080172" lon="23.604809993304336">
    <ele>241.24</ele>
   </trkpt>
   <trkpt lat="-33.95682" lon="23.60508">
    <ele>240.44</ele>
   </trkpt>
   <trkpt lat="-33.95675" lon="23.60556">
    <ele>242.37000000000003</ele>
   </trkpt>
  </trkseg>
 </trk>
</gpx>
