<?xml version="1.0" encoding="UTF-8"?>
<gpx creator="StravaGPX" version="1.1" xmlns="http://www.topografix.com/GPX/1/1" xmlns:xsi="http://www.w3.org/2001/XMLSchema-instance" xsi:schemaLocation="http://www.topografix.com/GPX/1/1 http://www.topografix.com/GPX/1/1/gpx.xsd">
 <metadata>
  <name>Tsitsikamma Ultra (2027)</name>
  <author>
   <name>Johnny Wolf</name>
   <link href="https://www.strava.com/athletes/90010919"/>
  </author>
  <copyright author="OpenStreetMap contributors">
   <year>2020</year>
   <license>https://www.openstreetmap.org/copyright</license>
  </copyright>
  <link href="https://www.strava.com/routes/3522158146818965166"/>
 </metadata>
 <trk>
  <name>Tsitsikamma Ultra (2027)</name>
  <link href="https://www.strava.com/routes/3522158146818965166"/>
  <type>running</type>
  <trkseg>
   <trkpt lat="-33.96672" lon="23.93004">
    <ele>252.88</ele>
   </trkpt>
   <trkpt lat="-33.96656" lon="23.930000000000003">
    <ele>253.32000000000005</ele>
   </trkpt>
   <trkpt lat="-33.966370000000005" lon="23.92997">
    <ele>253.70000000000005</ele>
   </trkpt>
   <trkpt lat="-33.96638" lon="23.92997">
    <ele>253.69000000000003</ele>
   </trkpt>
   <trkpt lat="-33.96593" lon="23.929910000000003">
    <ele>254.28</ele>
   </trkpt>
   <trkpt lat="-33.9656" lon="23.92978">
    <ele>254.67000000000002</ele>
   </trkpt>
   <trkpt lat="-33.96481" lon="23.929640000000003">
    <ele>256.51</ele>
   </trkpt>
   <trkpt lat="-33.96468" lon="23.9296">
    <ele>256.69</ele>
   </trkpt>
   <trkpt lat="-33.96457" lon="23.92968">
    <ele>256.69</ele>
   </trkpt>
   <trkpt lat="-33.96428" lon="23.9296">
    <ele>257.36</ele>
   </trkpt>
   <trkpt lat="-33.96369" lon="23.929520000000004">
    <ele>258.07</ele>
   </trkpt>
   <trkpt lat="-33.96325" lon="23.929360000000003">
    <ele>258.61</ele>
   </trkpt>
   <trkpt lat="-33.96307" lon="23.92921">
    <ele>258.70000000000005</ele>
   </trkpt>
   <trkpt lat="-33.96273" lon="23.929070000000003">
    <ele>259.05</ele>
   </trkpt>
   <trkpt lat="-33.96257" lon="23.928810000000002">
    <ele>259.31000000000006</ele>
   </trkpt>
   <trkpt lat="-33.96257" lon="23.92857">
    <ele>259.87000000000006</ele>
   </trkpt>
   <trkpt lat="-33.96246" lon="23.928430000000002">
    <ele>259.99</ele>
   </trkpt>
   <trkpt lat="-33.96213" lon="23.9282">
    <ele>260.31000000000006</ele>
   </trkpt>
   <trkpt lat="-33.96175" lon="23.928020000000004">
    <ele>260.26000000000005</ele>
   </trkpt>
   <trkpt lat="-33.96166" lon="23.927850000000003">
    <ele>260.49</ele>
   </trkpt>
   <trkpt lat="-33.96148" lon="23.92772">
    <ele>260.8</ele>
   </trkpt>
   <trkpt lat="-33.96137" lon="23.927490000000002">
    <ele>260.89</ele>
   </trkpt>
   <trkpt lat="-33.96098" lon="23.92723">
    <ele>261.26000000000005</ele>
   </trkpt>
   <trkpt lat="-33.9609" lon="23.927090000000003">
    <ele>261.92</ele>
   </trkpt>
   <trkpt lat="-33.96076" lon="23.9267">
    <ele>263.70000000000005</ele>
   </trkpt>
   <trkpt lat="-33.96058" lon="23.926610000000004">
    <ele>264.13000000000005</ele>
   </trkpt>
   <trkpt lat="-33.960440000000006" lon="23.926610000000004">
    <ele>264.34000000000003</ele>
   </trkpt>
   <trkpt lat="-33.96029" lon="23.92648">
    <ele>265.53000000000003</ele>
   </trkpt>
   <trkpt lat="-33.96022" lon="23.926350000000003">
    <ele>267.0</ele>
   </trkpt>
   <trkpt lat="-33.96022" lon="23.925960000000003">
    <ele>268.51000000000005</ele>
   </trkpt>
   <trkpt lat="-33.96012" lon="23.92582">
    <ele>268.91</ele>
   </trkpt>
   <trkpt lat="-33.96011" lon="23.925800000000002">
    <ele>269.02000000000004</ele>
   </trkpt>
   <trkpt lat="-33.96002" lon="23.925700000000003">
    <ele>269.74</ele>
   </trkpt>
   <trkpt lat="-33.95998" lon="23.925490000000003">
    <ele>271.33</ele>
   </trkpt>
   <trkpt lat="-33.9596" lon="23.925230000000003">
    <ele>274.82</ele>
   </trkpt>
   <trkpt lat="-33.95953" lon="23.92501">
    <ele>278.07000000000005</ele>
   </trkpt>
   <trkpt lat="-33.95942" lon="23.92481">
    <ele>279.49</ele>
   </trkpt>
   <trkpt lat="-33.95937" lon="23.924280000000003">
    <ele>282.0</ele>
   </trkpt>
   <trkpt lat="-33.95922" lon="23.923640000000002">
    <ele>287.49</ele>
   </trkpt>
   <trkpt lat="-33.95913" lon="23.9234">
    <ele>290.59000000000003</ele>
   </trkpt>
   <trkpt lat="-33.9591" lon="23.922860000000004">
    <ele>293.72</ele>
   </trkpt>
   <trkpt lat="-33.95893" lon="23.92263">
    <ele>295.54</ele>
   </trkpt>
   <trkpt lat="-33.9587" lon="23.921950000000002">
    <ele>301.32000000000005</ele>
   </trkpt>
   <trkpt lat="-33.95854" lon="23.92171">
    <ele>305.88000000000005</ele>
   </trkpt>
   <trkpt lat="-33.9583" lon="23.92142">
    <ele>313.66</ele>
   </trkpt>
   <trkpt lat="-33.95801" lon="23.92069">
    <ele>332.83</ele>
   </trkpt>
   <trkpt lat="-33.95794" lon="23.920260000000003">
    <ele>337.95000000000005</ele>
   </trkpt>
   <trkpt lat="-33.957890000000006" lon="23.92003">
    <ele>341.0</ele>
   </trkpt>
   <trkpt lat="-33.95743" lon="23.919500000000003">
    <ele>350.58</ele>
   </trkpt>
   <trkpt lat="-33.95727" lon="23.919400000000003">
    <ele>351.87</ele>
   </trkpt>
   <trkpt lat="-33.95718" lon="23.919200000000004">
    <ele>352.62000000000006</ele>
   </trkpt>
   <trkpt lat="-33.95707" lon="23.919140000000002">
    <ele>353.21000000000004</ele>
   </trkpt>
   <trkpt lat="-33.95702" lon="23.919020000000003">
    <ele>353.21000000000004</ele>
   </trkpt>
   <trkpt lat="-33.9568" lon="23.91878">
    <ele>355.00000000000006</ele>
   </trkpt>
   <trkpt lat="-33.9564" lon="23.918180000000003">
    <ele>352.84000000000003</ele>
   </trkpt>
   <trkpt lat="-33.95628" lon="23.918000000000003">
    <ele>351.87</ele>
   </trkpt>
   <trkpt lat="-33.95627" lon="23.917990000000003">
    <ele>351.87</ele>
   </trkpt>
   <trkpt lat="-33.95617" lon="23.91787">
    <ele>351.53000000000003</ele>
   </trkpt>
   <trkpt lat="-33.95555" lon="23.917320000000004">
    <ele>352.76</ele>
   </trkpt>
   <trkpt lat="-33.95532" lon="23.91709">
    <ele>352.55</ele>
   </trkpt>
   <trkpt lat="-33.9551" lon="23.91703">
    <ele>354.02</ele>
   </trkpt>
   <trkpt lat="-33.95496" lon="23.91684">
    <ele>356.06000000000006</ele>
   </trkpt>
   <trkpt lat="-33.95465" lon="23.91666">
    <ele>360.08</ele>
   </trkpt>
   <trkpt lat="-33.9544" lon="23.91627">
    <ele>365.48</ele>
   </trkpt>
   <trkpt lat="-33.95416" lon="23.916100000000004">
    <ele>367.37</ele>
   </trkpt>
   <trkpt lat="-33.95387" lon="23.916040000000002">
    <ele>370.89000000000004</ele>
   </trkpt>
   <trkpt lat="-33.95315" lon="23.91571">
    <ele>375.63</ele>
   </trkpt>
   <trkpt lat="-33.95286" lon="23.915470000000003">
    <ele>374.37</ele>
   </trkpt>
   <trkpt lat="-33.95266" lon="23.91506">
    <ele>371.99</ele>
   </trkpt>
   <trkpt lat="-33.952560000000005" lon="23.91496">
    <ele>370.04</ele>
   </trkpt>
   <trkpt lat="-33.95255" lon="23.91495">
    <ele>370.04</ele>
   </trkpt>
   <trkpt lat="-33.95228" lon="23.91468">
    <ele>365.66</ele>
   </trkpt>
   <trkpt lat="-33.95216" lon="23.91466">
    <ele>364.48</ele>
   </trkpt>
   <trkpt lat="-33.95196" lon="23.914700000000003">
    <ele>361.13</ele>
   </trkpt>
   <trkpt lat="-33.95181" lon="23.91484">
    <ele>359.62000000000006</ele>
   </trkpt>
   <trkpt lat="-33.95165" lon="23.91516">
    <ele>352.51000000000005</ele>
   </trkpt>
   <trkpt lat="-33.9514" lon="23.915470000000003">
    <ele>346.32</ele>
   </trkpt>
   <trkpt lat="-33.95122" lon="23.91543">
    <ele>344.98</ele>
   </trkpt>
   <trkpt lat="-33.95111" lon="23.915200000000002">
    <ele>341.08000000000004</ele>
   </trkpt>
   <trkpt lat="-33.95105" lon="23.91514">
    <ele>341.08000000000004</ele>
   </trkpt>
   <trkpt lat="-33.9508" lon="23.915100000000002">
    <ele>337.64000000000004</ele>
   </trkpt>
   <trkpt lat="-33.9504" lon="23.915280000000003">
    <ele>327.94</ele>
   </trkpt>
   <trkpt lat="-33.95028" lon="23.915460000000003">
    <ele>326.65000000000003</ele>
   </trkpt>
   <trkpt lat="-33.95024" lon="23.915630000000004">
    <ele>324.20000000000005</ele>
   </trkpt>
   <trkpt lat="-33.95022" lon="23.915660000000003">
    <ele>323.52000000000004</ele>
   </trkpt>
   <trkpt lat="-33.95011" lon="23.915660000000003">
    <ele>322.79</ele>
   </trkpt>
   <trkpt lat="-33.94999" lon="23.91561">
    <ele>319.02000000000004</ele>
   </trkpt>
   <trkpt lat="-33.9499" lon="23.915640000000003">
    <ele>317.40000000000003</ele>
   </trkpt>
   <trkpt lat="-33.94975" lon="23.915660000000003">
    <ele>314.78</ele>
   </trkpt>
   <trkpt lat="-33.94961" lon="23.915550000000003">
    <ele>312.5</ele>
   </trkpt>
   <trkpt lat="-33.94948" lon="23.91512">
    <ele>305.1700000000001</ele>
   </trkpt>
   <trkpt lat="-33.94939" lon="23.91516">
    <ele>303.28000000000003</ele>
   </trkpt>
   <trkpt lat="-33.9493" lon="23.91525">
    <ele>301.17</ele>
   </trkpt>
   <trkpt lat="-33.94921" lon="23.915650000000003">
    <ele>299.24</ele>
   </trkpt>
   <trkpt lat="-33.94887" lon="23.91569">
    <ele>301.44000000000005</ele>
   </trkpt>
   <trkpt lat="-33.94865" lon="23.9154">
    <ele>297.62000000000006</ele>
   </trkpt>
   <trkpt lat="-33.94856" lon="23.915470000000003">
    <ele>298.00000000000006</ele>
   </trkpt>
   <trkpt lat="-33.94845" lon="23.916490000000003">
    <ele>309.95</ele>
   </trkpt>
   <trkpt lat="-33.94796" lon="23.917050000000003">
    <ele>321.3</ele>
   </trkpt>
   <trkpt lat="-33.947990000000004" lon="23.91701">
    <ele>321.17</ele>
   </trkpt>
   <trkpt lat="-33.94771" lon="23.917540000000002">
    <ele>319.97</ele>
   </trkpt>
   <trkpt lat="-33.94737" lon="23.917990000000003">
    <ele>320.3</ele>
   </trkpt>
   <trkpt lat="-33.94715" lon="23.91813">
    <ele>318.65000000000003</ele>
   </trkpt>
   <trkpt lat="-33.9469" lon="23.91843">
    <ele>313.67</ele>
   </trkpt>
   <trkpt lat="-33.9465" lon="23.918570000000003">
    <ele>307.67</ele>
   </trkpt>
   <trkpt lat="-33.94643" lon="23.918750000000003">
    <ele>307.51</ele>
   </trkpt>
   <trkpt lat="-33.94617" lon="23.91908">
    <ele>309.91</ele>
   </trkpt>
   <trkpt lat="-33.94556" lon="23.919480000000004">
    <ele>317.1</ele>
   </trkpt>
   <trkpt lat="-33.94527" lon="23.92019">
    <ele>317.05</ele>
   </trkpt>
   <trkpt lat="-33.94516" lon="23.92058">
    <ele>319.13</ele>
   </trkpt>
   <trkpt lat="-33.94471" lon="23.92125">
    <ele>328.89</ele>
   </trkpt>
   <trkpt lat="-33.94444" lon="23.921470000000003">
    <ele>331.81000000000006</ele>
   </trkpt>
   <trkpt lat="-33.94424" lon="23.92153">
    <ele>333.0</ele>
   </trkpt>
   <trkpt lat="-33.94408" lon="23.921670000000002">
    <ele>332.88</ele>
   </trkpt>
   <trkpt lat="-33.94373" lon="23.922050000000002">
    <ele>331.89</ele>
   </trkpt>
   <trkpt lat="-33.94328" lon="23.922430000000002">
    <ele>332.16</ele>
   </trkpt>
   <trkpt lat="-33.94281" lon="23.922980000000003">
    <ele>332.86</ele>
   </trkpt>
   <trkpt lat="-33.94274" lon="23.92313">
    <ele>333.34000000000003</ele>
   </trkpt>
   <trkpt lat="-33.94236" lon="23.92367">
    <ele>334.6</ele>
   </trkpt>
   <trkpt lat="-33.9422" lon="23.924010000000003">
    <ele>331.29</ele>
   </trkpt>
   <trkpt lat="-33.94216" lon="23.924360000000004">
    <ele>328.0</ele>
   </trkpt>
   <trkpt lat="-33.94176" lon="23.92473">
    <ele>323.99</ele>
   </trkpt>
   <trkpt lat="-33.94146" lon="23.92482">
    <ele>324.17</ele>
   </trkpt>
   <trkpt lat="-33.94133" lon="23.924750000000003">
    <ele>325.38</ele>
   </trkpt>
   <trkpt lat="-33.9412" lon="23.924500000000002">
    <ele>328.46000000000004</ele>
   </trkpt>
   <trkpt lat="-33.9412" lon="23.92423">
    <ele>331.54</ele>
   </trkpt>
   <trkpt lat="-33.94129" lon="23.92407">
    <ele>336.23</ele>
   </trkpt>
   <trkpt lat="-33.94131" lon="23.923830000000002">
    <ele>338.78000000000003</ele>
   </trkpt>
   <trkpt lat="-33.94122" lon="23.92368">
    <ele>342.22</ele>
   </trkpt>
   <trkpt lat="-33.94126" lon="23.923460000000002">
    <ele>343.57000000000005</ele>
   </trkpt>
   <trkpt lat="-33.94124" lon="23.922990000000002">
    <ele>350.72</ele>
   </trkpt>
   <trkpt lat="-33.94117" lon="23.922780000000003">
    <ele>350.72</ele>
   </trkpt>
   <trkpt lat="-33.94122" lon="23.922410000000003">
    <ele>357.88000000000005</ele>
   </trkpt>
   <trkpt lat="-33.94149" lon="23.9218">
    <ele>368.12</ele>
   </trkpt>
   <trkpt lat="-33.94146" lon="23.92122">
    <ele>377.39</ele>
   </trkpt>
   <trkpt lat="-33.94153" lon="23.92086">
    <ele>380.19</ele>
   </trkpt>
   <trkpt lat="-33.94162" lon="23.920710000000003">
    <ele>382.48</ele>
   </trkpt>
   <trkpt lat="-33.94171" lon="23.920070000000003">
    <ele>389.49000000000007</ele>
   </trkpt>
   <trkpt lat="-33.94158" lon="23.91974">
    <ele>394.61</ele>
   </trkpt>
   <trkpt lat="-33.94158" lon="23.919340000000002">
    <ele>399.03000000000003</ele>
   </trkpt>
   <trkpt lat="-33.94167" lon="23.918540000000004">
    <ele>415.93</ele>
   </trkpt>
   <trkpt lat="-33.94164" lon="23.91835">
    <ele>418.97</ele>
   </trkpt>
   <trkpt lat="-33.94155" lon="23.91823">
    <ele>421.43</ele>
   </trkpt>
   <trkpt lat="-33.94144" lon="23.917530000000003">
    <ele>428.89000000000004</ele>
   </trkpt>
   <trkpt lat="-33.94144" lon="23.917260000000002">
    <ele>431.27000000000004</ele>
   </trkpt>
   <trkpt lat="-33.94151" lon="23.916980000000002">
    <ele>436.86</ele>
   </trkpt>
   <trkpt lat="-33.94150000129835" lon="23.91641500038345">
    <ele>441.09000000000003</ele>
   </trkpt>
   <trkpt lat="-33.94149" lon="23.915850000000002">
    <ele>449.31000000000006</ele>
   </trkpt>
   <trkpt lat="-33.94158" lon="23.915480000000002">
    <ele>455.6600000000001</ele>
   </trkpt>
   <trkpt lat="-33.9416" lon="23.914720000000003">
    <ele>464.9200000000001</ele>
   </trkpt>
   <trkpt lat="-33.9416" lon="23.91477">
    <ele>464.39000000000004</ele>
   </trkpt>
   <trkpt lat="-33.9416" lon="23.914610000000003">
    <ele>466.65000000000003</ele>
   </trkpt>
   <trkpt lat="-33.94153" lon="23.914050000000003">
    <ele>472.41</ele>
   </trkpt>
   <trkpt lat="-33.94155" lon="23.913660000000004">
    <ele>476.72</ele>
   </trkpt>
   <trkpt lat="-33.94144" lon="23.913100000000004">
    <ele>482.93</ele>
   </trkpt>
   <trkpt lat="-33.94146" lon="23.912950000000002">
    <ele>485.08000000000004</ele>
   </trkpt>
   <trkpt lat="-33.94138" lon="23.91241">
    <ele>491.63000000000005</ele>
   </trkpt>
   <trkpt lat="-33.94142" lon="23.91205">
    <ele>496.97</ele>
   </trkpt>
   <trkpt lat="-33.94135" lon="23.911220000000004">
    <ele>514.48</ele>
   </trkpt>
   <trkpt lat="-33.94117" lon="23.910470000000004">
    <ele>528.9200000000001</ele>
   </trkpt>
   <trkpt lat="-33.94108" lon="23.910320000000002">
    <ele>528.9200000000001</ele>
   </trkpt>
   <trkpt lat="-33.94111" lon="23.910050000000002">
    <ele>535.8000000000001</ele>
   </trkpt>
   <trkpt lat="-33.94099" lon="23.90943">
    <ele>545.4100000000001</ele>
   </trkpt>
   <trkpt lat="-33.94091" lon="23.909290000000002">
    <ele>546.59</ele>
   </trkpt>
   <trkpt lat="-33.94082" lon="23.908990000000003">
    <ele>551.76</ele>
   </trkpt>
   <trkpt lat="-33.94068" lon="23.908250000000002">
    <ele>559.73</ele>
   </trkpt>
   <trkpt lat="-33.94055" lon="23.907980000000002">
    <ele>565.0</ele>
   </trkpt>
   <trkpt lat="-33.94059" lon="23.907790000000002">
    <ele>569.64</ele>
   </trkpt>
   <trkpt lat="-33.94066" lon="23.907680000000003">
    <ele>571.59</ele>
   </trkpt>
   <trkpt lat="-33.9407" lon="23.906720000000004">
    <ele>599.8</ele>
   </trkpt>
   <trkpt lat="-33.94075" lon="23.90642">
    <ele>599.8</ele>
   </trkpt>
   <trkpt lat="-33.94088" lon="23.906060000000004">
    <ele>611.95</ele>
   </trkpt>
   <trkpt lat="-33.94122" lon="23.905810000000002">
    <ele>622.9800000000001</ele>
   </trkpt>
   <trkpt lat="-33.94126" lon="23.90536">
    <ele>639.1500000000001</ele>
   </trkpt>
   <trkpt lat="-33.94133" lon="23.905060000000002">
    <ele>644.5300000000001</ele>
   </trkpt>
   <trkpt lat="-33.94126" lon="23.90472">
    <ele>648.71</ele>
   </trkpt>
   <trkpt lat="-33.94129" lon="23.904230000000002">
    <ele>658.15</ele>
   </trkpt>
   <trkpt lat="-33.94122" lon="23.903660000000002">
    <ele>668.1700000000001</ele>
   </trkpt>
   <trkpt lat="-33.94124" lon="23.903470000000002">
    <ele>671.2600000000001</ele>
   </trkpt>
   <trkpt lat="-33.94117" lon="23.90285">
    <ele>682.7800000000001</ele>
   </trkpt>
   <trkpt lat="-33.9412" lon="23.902720000000002">
    <ele>682.7800000000001</ele>
   </trkpt>
   <trkpt lat="-33.94111" lon="23.902210000000004">
    <ele>693.6300000000001</ele>
   </trkpt>
   <trkpt lat="-33.94111" lon="23.902060000000002">
    <ele>696.03</ele>
   </trkpt>
   <trkpt lat="-33.94102" lon="23.901840000000004">
    <ele>705.23</ele>
   </trkpt>
   <trkpt lat="-33.94106" lon="23.901010000000003">
    <ele>721.38</ele>
   </trkpt>
   <trkpt lat="-33.94102" lon="23.90078">
    <ele>728.77</ele>
   </trkpt>
   <trkpt lat="-33.94077" lon="23.900290000000002">
    <ele>739.5100000000001</ele>
   </trkpt>
   <trkpt lat="-33.94073" lon="23.89974">
    <ele>737.3900000000001</ele>
   </trkpt>
   <trkpt lat="-33.94077" lon="23.89927">
    <ele>721.53</ele>
   </trkpt>
   <trkpt lat="-33.94064" lon="23.899070000000002">
    <ele>712.58</ele>
   </trkpt>
   <trkpt lat="-33.9407" lon="23.89889">
    <ele>705.79</ele>
   </trkpt>
   <trkpt lat="-33.94082" lon="23.897930000000002">
    <ele>695.0</ele>
   </trkpt>
   <trkpt lat="-33.9407" lon="23.8977">
    <ele>686.19</ele>
   </trkpt>
   <trkpt lat="-33.94061" lon="23.89714">
    <ele>673.8400000000001</ele>
   </trkpt>
   <trkpt lat="-33.9405" lon="23.896990000000002">
    <ele>665.19</ele>
   </trkpt>
   <trkpt lat="-33.94037" lon="23.896630000000002">
    <ele>657.34</ele>
   </trkpt>
   <trkpt lat="-33.940270001444446" lon="23.8960349993809">
    <ele>647.4200000000001</ele>
   </trkpt>
   <trkpt lat="-33.94017" lon="23.89544">
    <ele>634.45</ele>
   </trkpt>
   <trkpt lat="-33.9401700013598" lon="23.894859999744412">
    <ele>627.09</ele>
   </trkpt>
   <trkpt lat="-33.94017" lon="23.894280000000002">
    <ele>623.0</ele>
   </trkpt>
   <trkpt lat="-33.94005" lon="23.893990000000002">
    <ele>616.5</ele>
   </trkpt>
   <trkpt lat="-33.94005" lon="23.89375">
    <ele>613.09</ele>
   </trkpt>
   <trkpt lat="-33.9399" lon="23.893320000000003">
    <ele>604.85</ele>
   </trkpt>
   <trkpt lat="-33.93992" lon="23.89307">
    <ele>599.97</ele>
   </trkpt>
   <trkpt lat="-33.93963" lon="23.892570000000003">
    <ele>593.1500000000001</ele>
   </trkpt>
   <trkpt lat="-33.93952" lon="23.892020000000002">
    <ele>585.47</ele>
   </trkpt>
   <trkpt lat="-33.93954" lon="23.89187">
    <ele>582.8000000000001</ele>
   </trkpt>
   <trkpt lat="-33.93952" lon="23.891540000000003">
    <ele>579.45</ele>
   </trkpt>
   <trkpt lat="-33.93967" lon="23.890900000000002">
    <ele>572.45</ele>
   </trkpt>
   <trkpt lat="-33.93934" lon="23.889960000000002">
    <ele>565.15</ele>
   </trkpt>
   <trkpt lat="-33.9391250032729" lon="23.889064997885825">
    <ele>557.2</ele>
   </trkpt>
   <trkpt lat="-33.93891" lon="23.888170000000002">
    <ele>549.0</ele>
   </trkpt>
   <trkpt lat="-33.93867" lon="23.887400000000003">
    <ele>539.25</ele>
   </trkpt>
   <trkpt lat="-33.93842" lon="23.88707">
    <ele>528.71</ele>
   </trkpt>
   <trkpt lat="-33.93824" lon="23.88643">
    <ele>525.3500000000001</ele>
   </trkpt>
   <trkpt lat="-33.93813" lon="23.886210000000002">
    <ele>524.66</ele>
   </trkpt>
   <trkpt lat="-33.93811" lon="23.885730000000002">
    <ele>526.14</ele>
   </trkpt>
   <trkpt lat="-33.93795" lon="23.884900000000002">
    <ele>525.0799999999999</ele>
   </trkpt>
   <trkpt lat="-33.93806" lon="23.884430000000002">
    <ele>523.49</ele>
   </trkpt>
   <trkpt lat="-33.93804" lon="23.88419">
    <ele>521.9</ele>
   </trkpt>
   <trkpt lat="-33.93817" lon="23.88381">
    <ele>520.19</ele>
   </trkpt>
   <trkpt lat="-33.93817" lon="23.88359">
    <ele>518.17</ele>
   </trkpt>
   <trkpt lat="-33.93788" lon="23.883000000000003">
    <ele>516.1</ele>
   </trkpt>
   <trkpt lat="-33.937780001380474" lon="23.882409999150326">
    <ele>514.81</ele>
   </trkpt>
   <trkpt lat="-33.93768" lon="23.88182">
    <ele>512.12</ele>
   </trkpt>
   <trkpt lat="-33.93755" lon="23.881520000000002">
    <ele>510.36</ele>
   </trkpt>
   <trkpt lat="-33.93739" lon="23.880930000000003">
    <ele>508.19</ele>
   </trkpt>
   <trkpt lat="-33.93723" lon="23.8806">
    <ele>507.56</ele>
   </trkpt>
   <trkpt lat="-33.93717" lon="23.88015">
    <ele>504.06000000000006</ele>
   </trkpt>
   <trkpt lat="-33.93701" lon="23.879910000000002">
    <ele>502.56</ele>
   </trkpt>
   <trkpt lat="-33.93697" lon="23.87974">
    <ele>501.07</ele>
   </trkpt>
   <trkpt lat="-33.93701" lon="23.87946">
    <ele>498.70000000000005</ele>
   </trkpt>
   <trkpt lat="-33.93688" lon="23.878600000000002">
    <ele>492.01000000000005</ele>
   </trkpt>
   <trkpt lat="-33.9369" lon="23.878390000000003">
    <ele>491.71000000000004</ele>
   </trkpt>
   <trkpt lat="-33.936773339734614" lon="23.877499997337747">
    <ele>488.50000000000006</ele>
   </trkpt>
   <trkpt lat="-33.936646673065894" lon="23.876609997323396">
    <ele>484.84000000000003</ele>
   </trkpt>
   <trkpt lat="-33.93652" lon="23.87572">
    <ele>476.18000000000006</ele>
   </trkpt>
   <trkpt lat="-33.93605" lon="23.874920000000003">
    <ele>461.40000000000003</ele>
   </trkpt>
   <trkpt lat="-33.93594" lon="23.87433">
    <ele>450.93000000000006</ele>
   </trkpt>
   <trkpt lat="-33.93576" lon="23.87421">
    <ele>446.75</ele>
   </trkpt>
   <trkpt lat="-33.93573" lon="23.87412">
    <ele>445.88000000000005</ele>
   </trkpt>
   <trkpt lat="-33.93571" lon="23.87376">
    <ele>439.37</ele>
   </trkpt>
   <trkpt lat="-33.93567" lon="23.873630000000002">
    <ele>436.14000000000004</ele>
   </trkpt>
   <trkpt lat="-33.93571" lon="23.87329">
    <ele>429.86</ele>
   </trkpt>
   <trkpt lat="-33.93567" lon="23.872860000000003">
    <ele>422.05</ele>
   </trkpt>
   <trkpt lat="-33.93558" lon="23.87289">
    <ele>421.37</ele>
   </trkpt>
   <trkpt lat="-33.93544" lon="23.873050000000003">
    <ele>420.53000000000003</ele>
   </trkpt>
   <trkpt lat="-33.93495" lon="23.873880000000003">
    <ele>422.34000000000003</ele>
   </trkpt>
   <trkpt lat="-33.93464" lon="23.873900000000003">
    <ele>421.74000000000007</ele>
   </trkpt>
   <trkpt lat="-33.93446" lon="23.87403">
    <ele>423.05</ele>
   </trkpt>
   <trkpt lat="-33.93441" lon="23.874350000000003">
    <ele>423.13000000000005</ele>
   </trkpt>
   <trkpt lat="-33.93435" lon="23.874570000000002">
    <ele>422.45000000000005</ele>
   </trkpt>
   <trkpt lat="-33.93422" lon="23.87478">
    <ele>421.26</ele>
   </trkpt>
   <trkpt lat="-33.93423" lon="23.87478">
    <ele>421.28000000000003</ele>
   </trkpt>
   <trkpt lat="-33.93383" lon="23.875490000000003">
    <ele>415.92</ele>
   </trkpt>
   <trkpt lat="-33.93379" lon="23.875500000000002">
    <ele>413.92</ele>
   </trkpt>
   <trkpt lat="-33.9337" lon="23.875030000000002">
    <ele>407.0</ele>
   </trkpt>
   <trkpt lat="-33.93347" lon="23.875420000000002">
    <ele>410.04</ele>
   </trkpt>
   <trkpt lat="-33.93336" lon="23.875490000000003">
    <ele>411.61</ele>
   </trkpt>
   <trkpt lat="-33.933" lon="23.87461">
    <ele>413.81</ele>
   </trkpt>
   <trkpt lat="-33.93264" lon="23.874370000000003">
    <ele>410.47</ele>
   </trkpt>
   <trkpt lat="-33.93251" lon="23.874190000000002">
    <ele>407.41</ele>
   </trkpt>
   <trkpt lat="-33.93253" lon="23.87411">
    <ele>407.15</ele>
   </trkpt>
   <trkpt lat="-33.93264" lon="23.874000000000002">
    <ele>408.07000000000005</ele>
   </trkpt>
   <trkpt lat="-33.93267" lon="23.873880000000003">
    <ele>410.40000000000003</ele>
   </trkpt>
   <trkpt lat="-33.93262" lon="23.873790000000003">
    <ele>411.61</ele>
   </trkpt>
   <trkpt lat="-33.9326" lon="23.873350000000002">
    <ele>414.97</ele>
   </trkpt>
   <trkpt lat="-33.93256" lon="23.87319">
    <ele>416.6</ele>
   </trkpt>
   <trkpt lat="-33.93235" lon="23.87281">
    <ele>420.34000000000003</ele>
   </trkpt>
   <trkpt lat="-33.9322" lon="23.87236">
    <ele>422.17</ele>
   </trkpt>
   <trkpt lat="-33.93231" lon="23.87196">
    <ele>422.39000000000004</ele>
   </trkpt>
   <trkpt lat="-33.93242" lon="23.871740000000003">
    <ele>422.85</ele>
   </trkpt>
   <trkpt lat="-33.93249" lon="23.871370000000002">
    <ele>423.38000000000005</ele>
   </trkpt>
   <trkpt lat="-33.93251" lon="23.87096">
    <ele>424.17</ele>
   </trkpt>
   <trkpt lat="-33.93247" lon="23.87067">
    <ele>424.83000000000004</ele>
   </trkpt>
   <trkpt lat="-33.93251" lon="23.87049">
    <ele>424.89000000000004</ele>
   </trkpt>
   <trkpt lat="-33.93285" lon="23.869580000000003">
    <ele>420.87</ele>
   </trkpt>
   <trkpt lat="-33.93314" lon="23.86917">
    <ele>416.29</ele>
   </trkpt>
   <trkpt lat="-33.93334" lon="23.868290000000002">
    <ele>406.28000000000003</ele>
   </trkpt>
   <trkpt lat="-33.93336" lon="23.86804">
    <ele>409.36000000000007</ele>
   </trkpt>
   <trkpt lat="-33.933130000000006" lon="23.8672">
    <ele>426.65000000000003</ele>
   </trkpt>
   <trkpt lat="-33.93296" lon="23.867030000000003">
    <ele>432.34000000000003</ele>
   </trkpt>
   <trkpt lat="-33.93287" lon="23.86679">
    <ele>439.00000000000006</ele>
   </trkpt>
   <trkpt lat="-33.93278" lon="23.865900000000003">
    <ele>458.62</ele>
   </trkpt>
   <trkpt lat="-33.93289" lon="23.86531">
    <ele>471.02000000000004</ele>
   </trkpt>
   <trkpt lat="-33.9328550027079" lon="23.864489999433943">
    <ele>493.70000000000005</ele>
   </trkpt>
   <trkpt lat="-33.93282" lon="23.863670000000003">
    <ele>506.62000000000006</ele>
   </trkpt>
   <trkpt lat="-33.93267" lon="23.86333">
    <ele>517.37</ele>
   </trkpt>
   <trkpt lat="-33.9326" lon="23.863090000000003">
    <ele>522.48</ele>
   </trkpt>
   <trkpt lat="-33.93256" lon="23.86257">
    <ele>530.94</ele>
   </trkpt>
   <trkpt lat="-33.93235" lon="23.86164">
    <ele>549.06</ele>
   </trkpt>
   <trkpt lat="-33.93235" lon="23.861400000000003">
    <ele>552.4</ele>
   </trkpt>
   <trkpt lat="-33.9322" lon="23.860940000000003">
    <ele>560.4300000000001</ele>
   </trkpt>
   <trkpt lat="-33.93213" lon="23.860010000000003">
    <ele>572.8199999999999</ele>
   </trkpt>
   <trkpt lat="-33.93191" lon="23.8593">
    <ele>588.1800000000001</ele>
   </trkpt>
   <trkpt lat="-33.931630000000006" lon="23.858960000000003">
    <ele>590.0000000000001</ele>
   </trkpt>
   <trkpt lat="-33.931630000000006" lon="23.858950000000004">
    <ele>590.0000000000001</ele>
   </trkpt>
   <trkpt lat="-33.93117" lon="23.85817">
    <ele>595.16</ele>
   </trkpt>
   <trkpt lat="-33.93106" lon="23.85762">
    <ele>605.53</ele>
   </trkpt>
   <trkpt lat="-33.93079" lon="23.85678">
    <ele>622.0</ele>
   </trkpt>
   <trkpt lat="-33.93074" lon="23.856330000000003">
    <ele>633.49</ele>
   </trkpt>
   <trkpt lat="-33.93061" lon="23.856">
    <ele>643.75</ele>
   </trkpt>
   <trkpt lat="-33.93059" lon="23.855590000000003">
    <ele>651.3500000000001</ele>
   </trkpt>
   <trkpt lat="-33.93029" lon="23.855230000000002">
    <ele>661.25</ele>
   </trkpt>
   <trkpt lat="-33.93" lon="23.855110000000003">
    <ele>666.42</ele>
   </trkpt>
   <trkpt lat="-33.92991" lon="23.85498">
    <ele>667.6700000000001</ele>
   </trkpt>
   <trkpt lat="-33.92973" lon="23.854870000000002">
    <ele>669.3</ele>
   </trkpt>
   <trkpt lat="-33.92949" lon="23.85453">
    <ele>675.9000000000001</ele>
   </trkpt>
   <trkpt lat="-33.92944" lon="23.854390000000002">
    <ele>679.1100000000001</ele>
   </trkpt>
   <trkpt lat="-33.92931" lon="23.854290000000002">
    <ele>683.08</ele>
   </trkpt>
   <trkpt lat="-33.92924" lon="23.854010000000002">
    <ele>686.59</ele>
   </trkpt>
   <trkpt lat="-33.929190000000006" lon="23.853920000000002">
    <ele>688.4</ele>
   </trkpt>
   <trkpt lat="-33.92909" lon="23.85386">
    <ele>691.2900000000001</ele>
   </trkpt>
   <trkpt lat="-33.92875" lon="23.85339">
    <ele>699.67</ele>
   </trkpt>
   <trkpt lat="-33.92821" lon="23.852860000000003">
    <ele>702.67</ele>
   </trkpt>
   <trkpt lat="-33.92779" lon="23.852110000000003">
    <ele>693.6000000000001</ele>
   </trkpt>
   <trkpt lat="-33.92776" lon="23.851770000000002">
    <ele>689.0</ele>
   </trkpt>
   <trkpt lat="-33.92763" lon="23.851280000000003">
    <ele>684.84</ele>
   </trkpt>
   <trkpt lat="-33.92757500240423" lon="23.85050999961556">
    <ele>681.64</ele>
   </trkpt>
   <trkpt lat="-33.92752" lon="23.84974">
    <ele>675.69</ele>
   </trkpt>
   <trkpt lat="-33.92759" lon="23.849570000000003">
    <ele>673.3</ele>
   </trkpt>
   <trkpt lat="-33.92759" lon="23.849310000000003">
    <ele>671.24</ele>
   </trkpt>
   <trkpt lat="-33.92763" lon="23.84916">
    <ele>670.4100000000001</ele>
   </trkpt>
   <trkpt lat="-33.92759" lon="23.84887">
    <ele>669.1800000000001</ele>
   </trkpt>
   <trkpt lat="-33.92760000143052" lon="23.848275000085778">
    <ele>664.98</ele>
   </trkpt>
   <trkpt lat="-33.92761" lon="23.84768">
    <ele>658.0</ele>
   </trkpt>
   <trkpt lat="-33.92747" lon="23.847060000000003">
    <ele>654.08</ele>
   </trkpt>
   <trkpt lat="-33.927490000000006" lon="23.846510000000002">
    <ele>647.6200000000001</ele>
   </trkpt>
   <trkpt lat="-33.927490000000006" lon="23.846310000000003">
    <ele>644.0100000000001</ele>
   </trkpt>
   <trkpt lat="-33.92743500175938" lon="23.84564999956087">
    <ele>634.75</ele>
   </trkpt>
   <trkpt lat="-33.92738" lon="23.844990000000003">
    <ele>633.02</ele>
   </trkpt>
   <trkpt lat="-33.92721" lon="23.84466">
    <ele>634.46</ele>
   </trkpt>
   <trkpt lat="-33.92712" lon="23.84421">
    <ele>632.9</ele>
   </trkpt>
   <trkpt lat="-33.92725" lon="23.84382">
    <ele>628.94</ele>
   </trkpt>
   <trkpt lat="-33.92736" lon="23.84288">
    <ele>622.6700000000001</ele>
   </trkpt>
   <trkpt lat="-33.92734" lon="23.842570000000002">
    <ele>622.07</ele>
   </trkpt>
   <trkpt lat="-33.92736" lon="23.842180000000003">
    <ele>621.0100000000001</ele>
   </trkpt>
   <trkpt lat="-33.92747" lon="23.842080000000003">
    <ele>621.5500000000001</ele>
   </trkpt>
   <trkpt lat="-33.92759" lon="23.84186">
    <ele>621.38</ele>
   </trkpt>
   <trkpt lat="-33.92754" lon="23.841450000000002">
    <ele>619.6600000000001</ele>
   </trkpt>
   <trkpt lat="-33.92745" lon="23.841140000000003">
    <ele>618.97</ele>
   </trkpt>
   <trkpt lat="-33.92743" lon="23.84091">
    <ele>617.6400000000001</ele>
   </trkpt>
   <trkpt lat="-33.9275" lon="23.83986">
    <ele>606.1200000000001</ele>
   </trkpt>
   <trkpt lat="-33.92763" lon="23.839080000000003">
    <ele>591.6300000000001</ele>
   </trkpt>
   <trkpt lat="-33.92797" lon="23.839060000000003">
    <ele>580.71</ele>
   </trkpt>
   <trkpt lat="-33.92832" lon="23.83931">
    <ele>572.45</ele>
   </trkpt>
   <trkpt lat="-33.92866" lon="23.839360000000003">
    <ele>565.09</ele>
   </trkpt>
   <trkpt lat="-33.92875" lon="23.839430000000004">
    <ele>560.0</ele>
   </trkpt>
   <trkpt lat="-33.92886" lon="23.839260000000003">
    <ele>557.03</ele>
   </trkpt>
   <trkpt lat="-33.92897" lon="23.838430000000002">
    <ele>547.0</ele>
   </trkpt>
   <trkpt lat="-33.929190000000006" lon="23.83782">
    <ele>537.7</ele>
   </trkpt>
   <trkpt lat="-33.92953" lon="23.837560000000003">
    <ele>529.25</ele>
   </trkpt>
   <trkpt lat="-33.9296" lon="23.83755">
    <ele>525.6200000000001</ele>
   </trkpt>
   <trkpt lat="-33.92967" lon="23.83736">
    <ele>522.71</ele>
   </trkpt>
   <trkpt lat="-33.92965" lon="23.836990000000004">
    <ele>520.59</ele>
   </trkpt>
   <trkpt lat="-33.92956" lon="23.836650000000002">
    <ele>521.59</ele>
   </trkpt>
   <trkpt lat="-33.9296" lon="23.836370000000002">
    <ele>522.07</ele>
   </trkpt>
   <trkpt lat="-33.92958" lon="23.835820000000002">
    <ele>520.3100000000001</ele>
   </trkpt>
   <trkpt lat="-33.92951" lon="23.835700000000003">
    <ele>519.58</ele>
   </trkpt>
   <trkpt lat="-33.92956" lon="23.83547">
    <ele>517.22</ele>
   </trkpt>
   <trkpt lat="-33.92976" lon="23.834970000000002">
    <ele>511.65000000000003</ele>
   </trkpt>
   <trkpt lat="-33.92982" lon="23.834940000000003">
    <ele>510.78000000000003</ele>
   </trkpt>
   <trkpt lat="-33.92991" lon="23.83464">
    <ele>507.9100000000001</ele>
   </trkpt>
   <trkpt lat="-33.93023" lon="23.83405">
    <ele>501.99</ele>
   </trkpt>
   <trkpt lat="-33.93043" lon="23.833930000000002">
    <ele>499.41</ele>
   </trkpt>
   <trkpt lat="-33.9305" lon="23.83314">
    <ele>488.98</ele>
   </trkpt>
   <trkpt lat="-33.93065" lon="23.83209">
    <ele>474.82</ele>
   </trkpt>
   <trkpt lat="-33.9307" lon="23.831970000000002">
    <ele>473.47</ele>
   </trkpt>
   <trkpt lat="-33.93074" lon="23.831280000000003">
    <ele>468.38</ele>
   </trkpt>
   <trkpt lat="-33.93088" lon="23.830710000000003">
    <ele>460.48</ele>
   </trkpt>
   <trkpt lat="-33.930835001353884" lon="23.830129999619725">
    <ele>453.69000000000005</ele>
   </trkpt>
   <trkpt lat="-33.93079" lon="23.82955">
    <ele>444.00000000000006</ele>
   </trkpt>
   <trkpt lat="-33.93085" lon="23.82928">
    <ele>438.82000000000005</ele>
   </trkpt>
   <trkpt lat="-33.93097" lon="23.82901">
    <ele>434.13</ele>
   </trkpt>
   <trkpt lat="-33.93106" lon="23.8286">
    <ele>429.03000000000003</ele>
   </trkpt>
   <trkpt lat="-33.93112" lon="23.82807">
    <ele>419.77000000000004</ele>
   </trkpt>
   <trkpt lat="-33.93112" lon="23.82776">
    <ele>414.45000000000005</ele>
   </trkpt>
   <trkpt lat="-33.93117" lon="23.82712">
    <ele>402.84000000000003</ele>
   </trkpt>
   <trkpt lat="-33.93117" lon="23.82675">
    <ele>398.11</ele>
   </trkpt>
   <trkpt lat="-33.93121" lon="23.826590000000003">
    <ele>396.08000000000004</ele>
   </trkpt>
   <trkpt lat="-33.93132" lon="23.82636">
    <ele>394.31000000000006</ele>
   </trkpt>
   <trkpt lat="-33.93179" lon="23.82571">
    <ele>391.25000000000006</ele>
   </trkpt>
   <trkpt lat="-33.93222" lon="23.825680000000002">
    <ele>387.56</ele>
   </trkpt>
   <trkpt lat="-33.93276" lon="23.825550000000003">
    <ele>382.97</ele>
   </trkpt>
   <trkpt lat="-33.93334" lon="23.8256">
    <ele>375.76000000000005</ele>
   </trkpt>
   <trkpt lat="-33.93401" lon="23.8256">
    <ele>367.95000000000005</ele>
   </trkpt>
   <trkpt lat="-33.93432" lon="23.82544">
    <ele>362.95000000000005</ele>
   </trkpt>
   <trkpt lat="-33.93453" lon="23.824720000000003">
    <ele>354.31</ele>
   </trkpt>
   <trkpt lat="-33.93468" lon="23.82448">
    <ele>349.89000000000004</ele>
   </trkpt>
   <trkpt lat="-33.93484" lon="23.824340000000003">
    <ele>344.45000000000005</ele>
   </trkpt>
   <trkpt lat="-33.93488" lon="23.824160000000003">
    <ele>342.66</ele>
   </trkpt>
   <trkpt lat="-33.93477" lon="23.82413">
    <ele>343.16</ele>
   </trkpt>
   <trkpt lat="-33.9347" lon="23.824060000000003">
    <ele>344.46000000000004</ele>
   </trkpt>
   <trkpt lat="-33.9347" lon="23.823860000000003">
    <ele>345.74000000000007</ele>
   </trkpt>
   <trkpt lat="-33.93479" lon="23.823570000000004">
    <ele>347.2</ele>
   </trkpt>
   <trkpt lat="-33.935" lon="23.823300000000003">
    <ele>350.43</ele>
   </trkpt>
   <trkpt lat="-33.93522" lon="23.82306">
    <ele>354.04</ele>
   </trkpt>
   <trkpt lat="-33.9354" lon="23.823010000000004">
    <ele>354.74000000000007</ele>
   </trkpt>
   <trkpt lat="-33.9354" lon="23.822940000000003">
    <ele>354.42</ele>
   </trkpt>
   <trkpt lat="-33.93538" lon="23.82289">
    <ele>353.99</ele>
   </trkpt>
   <trkpt lat="-33.93531" lon="23.822840000000003">
    <ele>352.54</ele>
   </trkpt>
   <trkpt lat="-33.93484" lon="23.82223">
    <ele>343.92</ele>
   </trkpt>
   <trkpt lat="-33.93479" lon="23.82214">
    <ele>342.67</ele>
   </trkpt>
   <trkpt lat="-33.93477" lon="23.822020000000002">
    <ele>340.69000000000005</ele>
   </trkpt>
   <trkpt lat="-33.93466" lon="23.821890000000003">
    <ele>338.96000000000004</ele>
   </trkpt>
   <trkpt lat="-33.93461" lon="23.82176">
    <ele>335.96000000000004</ele>
   </trkpt>
   <trkpt lat="-33.93461" lon="23.82157">
    <ele>332.06</ele>
   </trkpt>
   <trkpt lat="-33.93466" lon="23.821440000000003">
    <ele>327.15000000000003</ele>
   </trkpt>
   <trkpt lat="-33.93493" lon="23.82137">
    <ele>319.49000000000007</ele>
   </trkpt>
   <trkpt lat="-33.93511" lon="23.821230000000003">
    <ele>318.75</ele>
   </trkpt>
   <trkpt lat="-33.93517" lon="23.821040000000004">
    <ele>324.12</ele>
   </trkpt>
   <trkpt lat="-33.935210000000005" lon="23.8209">
    <ele>326.58000000000004</ele>
   </trkpt>
   <trkpt lat="-33.93531" lon="23.82054">
    <ele>329.0</ele>
   </trkpt>
   <trkpt lat="-33.93569" lon="23.82017">
    <ele>323.69000000000005</ele>
   </trkpt>
   <trkpt lat="-33.93571" lon="23.82007">
    <ele>323.11</ele>
   </trkpt>
   <trkpt lat="-33.93587" lon="23.819860000000002">
    <ele>319.43000000000006</ele>
   </trkpt>
   <trkpt lat="-33.93598" lon="23.81921">
    <ele>318.08000000000004</ele>
   </trkpt>
   <trkpt lat="-33.93591" lon="23.818880000000004">
    <ele>318.51</ele>
   </trkpt>
   <trkpt lat="-33.93569" lon="23.81839">
    <ele>311.08000000000004</ele>
   </trkpt>
   <trkpt lat="-33.93576" lon="23.81811">
    <ele>306.53000000000003</ele>
   </trkpt>
   <trkpt lat="-33.93573" lon="23.81803">
    <ele>305.19</ele>
   </trkpt>
   <trkpt lat="-33.93576" lon="23.817940000000004">
    <ele>304.82000000000005</ele>
   </trkpt>
   <trkpt lat="-33.93576" lon="23.817760000000003">
    <ele>305.24</ele>
   </trkpt>
   <trkpt lat="-33.93587" lon="23.817700000000002">
    <ele>306.48</ele>
   </trkpt>
   <trkpt lat="-33.93594" lon="23.81763">
    <ele>309.45</ele>
   </trkpt>
   <trkpt lat="-33.93585" lon="23.817390000000003">
    <ele>314.45</ele>
   </trkpt>
   <trkpt lat="-33.93578" lon="23.81706">
    <ele>321.3</ele>
   </trkpt>
   <trkpt lat="-33.93553" lon="23.816580000000002">
    <ele>331.82</ele>
   </trkpt>
   <trkpt lat="-33.93553" lon="23.81651">
    <ele>332.63000000000005</ele>
   </trkpt>
   <trkpt lat="-33.93517" lon="23.81595">
    <ele>344.21000000000004</ele>
   </trkpt>
   <trkpt lat="-33.935015001666095" lon="23.815294998520496">
    <ele>354.14</ele>
   </trkpt>
   <trkpt lat="-33.93486" lon="23.81464">
    <ele>370.1700000000001</ele>
   </trkpt>
   <trkpt lat="-33.93482" lon="23.81456">
    <ele>370.1700000000001</ele>
   </trkpt>
   <trkpt lat="-33.93479" lon="23.814480000000003">
    <ele>372.6700000000001</ele>
   </trkpt>
   <trkpt lat="-33.93473" lon="23.814390000000003">
    <ele>374.93</ele>
   </trkpt>
   <trkpt lat="-33.93461" lon="23.814020000000003">
    <ele>381.54</ele>
   </trkpt>
   <trkpt lat="-33.93459" lon="23.813550000000003">
    <ele>386.49000000000007</ele>
   </trkpt>
   <trkpt lat="-33.93453" lon="23.81311">
    <ele>392.45</ele>
   </trkpt>
   <trkpt lat="-33.93437" lon="23.812820000000002">
    <ele>401.12</ele>
   </trkpt>
   <trkpt lat="-33.93421" lon="23.812720000000002">
    <ele>407.22</ele>
   </trkpt>
   <trkpt lat="-33.93394" lon="23.81266">
    <ele>412.33000000000004</ele>
   </trkpt>
   <trkpt lat="-33.93379" lon="23.81249">
    <ele>420.52000000000004</ele>
   </trkpt>
   <trkpt lat="-33.9337" lon="23.812330000000003">
    <ele>425.09000000000003</ele>
   </trkpt>
   <trkpt lat="-33.93365" lon="23.81208">
    <ele>430.39000000000004</ele>
   </trkpt>
   <trkpt lat="-33.93367" lon="23.812">
    <ele>430.39000000000004</ele>
   </trkpt>
   <trkpt lat="-33.93365" lon="23.811790000000002">
    <ele>434.19</ele>
   </trkpt>
   <trkpt lat="-33.93361" lon="23.811660000000003">
    <ele>435.28000000000003</ele>
   </trkpt>
   <trkpt lat="-33.93361" lon="23.81161">
    <ele>438.63</ele>
   </trkpt>
   <trkpt lat="-33.93338" lon="23.81116">
    <ele>452.46000000000004</ele>
   </trkpt>
   <trkpt lat="-33.93332" lon="23.810910000000003">
    <ele>461.0400000000001</ele>
   </trkpt>
   <trkpt lat="-33.93323" lon="23.81068">
    <ele>468.74</ele>
   </trkpt>
   <trkpt lat="-33.93294" lon="23.810170000000003">
    <ele>480.40000000000003</ele>
   </trkpt>
   <trkpt lat="-33.933" lon="23.80946">
    <ele>487.01000000000005</ele>
   </trkpt>
   <trkpt lat="-33.93296" lon="23.809340000000002">
    <ele>486.49</ele>
   </trkpt>
   <trkpt lat="-33.93298" lon="23.8091">
    <ele>485.78000000000003</ele>
   </trkpt>
   <trkpt lat="-33.93294" lon="23.808860000000003">
    <ele>483.81</ele>
   </trkpt>
   <trkpt lat="-33.93276" lon="23.808670000000003">
    <ele>480.81</ele>
   </trkpt>
   <trkpt lat="-33.93271" lon="23.808560000000003">
    <ele>480.81</ele>
   </trkpt>
   <trkpt lat="-33.93258" lon="23.808410000000002">
    <ele>478.89000000000004</ele>
   </trkpt>
   <trkpt lat="-33.93242" lon="23.80808">
    <ele>475.44</ele>
   </trkpt>
   <trkpt lat="-33.93224" lon="23.80799">
    <ele>472.48</ele>
   </trkpt>
   <trkpt lat="-33.93222" lon="23.807760000000002">
    <ele>470.87</ele>
   </trkpt>
   <trkpt lat="-33.93226" lon="23.80723">
    <ele>465.28000000000003</ele>
   </trkpt>
   <trkpt lat="-33.93224" lon="23.807160000000003">
    <ele>464.81000000000006</ele>
   </trkpt>
   <trkpt lat="-33.93224" lon="23.807000000000002">
    <ele>463.72</ele>
   </trkpt>
   <trkpt lat="-33.93229" lon="23.806510000000003">
    <ele>462.6</ele>
   </trkpt>
   <trkpt lat="-33.93226" lon="23.806140000000003">
    <ele>463.66</ele>
   </trkpt>
   <trkpt lat="-33.93231" lon="23.805590000000002">
    <ele>461.58000000000004</ele>
   </trkpt>
   <trkpt lat="-33.93229" lon="23.80542">
    <ele>461.16</ele>
   </trkpt>
   <trkpt lat="-33.93231" lon="23.805220000000002">
    <ele>461.1000000000001</ele>
   </trkpt>
   <trkpt lat="-33.93238" lon="23.80498">
    <ele>461.0</ele>
   </trkpt>
   <trkpt lat="-33.93206" lon="23.804360000000003">
    <ele>459.58000000000004</ele>
   </trkpt>
   <trkpt lat="-33.93222" lon="23.803960000000004">
    <ele>461.42</ele>
   </trkpt>
   <trkpt lat="-33.9322" lon="23.803780000000003">
    <ele>461.37000000000006</ele>
   </trkpt>
   <trkpt lat="-33.93229" lon="23.80366">
    <ele>460.85</ele>
   </trkpt>
   <trkpt lat="-33.93235" lon="23.80339">
    <ele>458.92</ele>
   </trkpt>
   <trkpt lat="-33.93253" lon="23.80317">
    <ele>454.32000000000005</ele>
   </trkpt>
   <trkpt lat="-33.93256" lon="23.80299">
    <ele>452.26000000000005</ele>
   </trkpt>
   <trkpt lat="-33.93264" lon="23.802760000000003">
    <ele>449.19</ele>
   </trkpt>
   <trkpt lat="-33.93269" lon="23.802290000000003">
    <ele>446.08000000000004</ele>
   </trkpt>
   <trkpt lat="-33.93264" lon="23.801990000000004">
    <ele>442.83000000000004</ele>
   </trkpt>
   <trkpt lat="-33.93267" lon="23.80168">
    <ele>441.38000000000005</ele>
   </trkpt>
   <trkpt lat="-33.93278" lon="23.80148">
    <ele>438.95000000000005</ele>
   </trkpt>
   <trkpt lat="-33.93291" lon="23.80112">
    <ele>436.33000000000004</ele>
   </trkpt>
   <trkpt lat="-33.93294" lon="23.800880000000003">
    <ele>433.9</ele>
   </trkpt>
   <trkpt lat="-33.93303" lon="23.80075">
    <ele>431.51000000000005</ele>
   </trkpt>
   <trkpt lat="-33.93303" lon="23.800600000000003">
    <ele>430.19</ele>
   </trkpt>
   <trkpt lat="-33.93298" lon="23.80047">
    <ele>429.44000000000005</ele>
   </trkpt>
   <trkpt lat="-33.93273" lon="23.800250000000002">
    <ele>427.66</ele>
   </trkpt>
   <trkpt lat="-33.93262" lon="23.80007">
    <ele>426.71000000000004</ele>
   </trkpt>
   <trkpt lat="-33.9326" lon="23.79999">
    <ele>426.25</ele>
   </trkpt>
   <trkpt lat="-33.93267" lon="23.799840000000003">
    <ele>424.52</ele>
   </trkpt>
   <trkpt lat="-33.93314" lon="23.799560000000003">
    <ele>409.90000000000003</ele>
   </trkpt>
   <trkpt lat="-33.93332" lon="23.799570000000003">
    <ele>406.29</ele>
   </trkpt>
   <trkpt lat="-33.93356" lon="23.799460000000003">
    <ele>401.66</ele>
   </trkpt>
   <trkpt lat="-33.93372" lon="23.799490000000002">
    <ele>397.1</ele>
   </trkpt>
   <trkpt lat="-33.93383" lon="23.79935">
    <ele>391.99</ele>
   </trkpt>
   <trkpt lat="-33.93399" lon="23.799300000000002">
    <ele>388.84000000000003</ele>
   </trkpt>
   <trkpt lat="-33.93412" lon="23.799300000000002">
    <ele>386.55</ele>
   </trkpt>
   <trkpt lat="-33.93455" lon="23.79942">
    <ele>375.70000000000005</ele>
   </trkpt>
   <trkpt lat="-33.93466" lon="23.79941">
    <ele>373.58000000000004</ele>
   </trkpt>
   <trkpt lat="-33.93486" lon="23.79925">
    <ele>371.58000000000004</ele>
   </trkpt>
   <trkpt lat="-33.93506" lon="23.798990000000003">
    <ele>370.41</ele>
   </trkpt>
   <trkpt lat="-33.9352" lon="23.79888">
    <ele>368.74</ele>
   </trkpt>
   <trkpt lat="-33.93522" lon="23.798640000000002">
    <ele>368.50000000000006</ele>
   </trkpt>
   <trkpt lat="-33.93526" lon="23.79851">
    <ele>368.69</ele>
   </trkpt>
   <trkpt lat="-33.93529" lon="23.798340000000003">
    <ele>368.39000000000004</ele>
   </trkpt>
   <trkpt lat="-33.93538" lon="23.79821">
    <ele>366.75</ele>
   </trkpt>
   <trkpt lat="-33.93553" lon="23.79785">
    <ele>361.81</ele>
   </trkpt>
   <trkpt lat="-33.93556" lon="23.79757">
    <ele>359.93</ele>
   </trkpt>
   <trkpt lat="-33.93562" lon="23.79738">
    <ele>357.46000000000004</ele>
   </trkpt>
   <trkpt lat="-33.93562" lon="23.796950000000002">
    <ele>354.63000000000005</ele>
   </trkpt>
   <trkpt lat="-33.93558" lon="23.796770000000002">
    <ele>354.63000000000005</ele>
   </trkpt>
   <trkpt lat="-33.93558" lon="23.7965">
    <ele>354.24000000000007</ele>
   </trkpt>
   <trkpt lat="-33.93567" lon="23.79635">
    <ele>353.27000000000004</ele>
   </trkpt>
   <trkpt lat="-33.93576" lon="23.796090000000003">
    <ele>350.96000000000004</ele>
   </trkpt>
   <trkpt lat="-33.93585" lon="23.796000000000003">
    <ele>351.02000000000004</ele>
   </trkpt>
   <trkpt lat="-33.93618" lon="23.79588">
    <ele>348.89000000000004</ele>
   </trkpt>
   <trkpt lat="-33.93641" lon="23.79575">
    <ele>347.07000000000005</ele>
   </trkpt>
   <trkpt lat="-33.93661" lon="23.795560000000002">
    <ele>342.46000000000004</ele>
   </trkpt>
   <trkpt lat="-33.9367" lon="23.795260000000003">
    <ele>340.51000000000005</ele>
   </trkpt>
   <trkpt lat="-33.93685" lon="23.794970000000003">
    <ele>337.8</ele>
   </trkpt>
   <trkpt lat="-33.9369" lon="23.794780000000003">
    <ele>335.48</ele>
   </trkpt>
   <trkpt lat="-33.93694" lon="23.794760000000004">
    <ele>334.98</ele>
   </trkpt>
   <trkpt lat="-33.93697" lon="23.794620000000002">
    <ele>336.07000000000005</ele>
   </trkpt>
   <trkpt lat="-33.93714" lon="23.79419">
    <ele>334.95000000000005</ele>
   </trkpt>
   <trkpt lat="-33.93721" lon="23.79389">
    <ele>334.42</ele>
   </trkpt>
   <trkpt lat="-33.93755" lon="23.793640000000003">
    <ele>329.43</ele>
   </trkpt>
   <trkpt lat="-33.93768" lon="23.793490000000002">
    <ele>327.1</ele>
   </trkpt>
   <trkpt lat="-33.93782" lon="23.79313">
    <ele>326.6</ele>
   </trkpt>
   <trkpt lat="-33.93782" lon="23.79297">
    <ele>325.83</ele>
   </trkpt>
   <trkpt lat="-33.9377" lon="23.792730000000002">
    <ele>324.31000000000006</ele>
   </trkpt>
   <trkpt lat="-33.93748" lon="23.792440000000003">
    <ele>324.65000000000003</ele>
   </trkpt>
   <trkpt lat="-33.93737" lon="23.79222">
    <ele>325.79</ele>
   </trkpt>
   <trkpt lat="-33.93739" lon="23.792170000000002">
    <ele>327.89</ele>
   </trkpt>
   <trkpt lat="-33.93705" lon="23.791770000000003">
    <ele>333.0</ele>
   </trkpt>
   <trkpt lat="-33.93679" lon="23.79175">
    <ele>336.1</ele>
   </trkpt>
   <trkpt lat="-33.93661" lon="23.79166">
    <ele>337.66</ele>
   </trkpt>
   <trkpt lat="-33.93652" lon="23.79155">
    <ele>337.94</ele>
   </trkpt>
   <trkpt lat="-33.936460000000004" lon="23.791300000000003">
    <ele>338.75000000000006</ele>
   </trkpt>
   <trkpt lat="-33.9365" lon="23.79146">
    <ele>338.08000000000004</ele>
   </trkpt>
   <trkpt lat="-33.93641" lon="23.791150000000002">
    <ele>340.62</ele>
   </trkpt>
   <trkpt lat="-33.93634" lon="23.79107">
    <ele>343.12</ele>
   </trkpt>
   <trkpt lat="-33.93634" lon="23.79097">
    <ele>344.47</ele>
   </trkpt>
   <trkpt lat="-33.936" lon="23.79012">
    <ele>348.15000000000003</ele>
   </trkpt>
   <trkpt lat="-33.93594" lon="23.789880000000004">
    <ele>348.19000000000005</ele>
   </trkpt>
   <trkpt lat="-33.93564" lon="23.78903">
    <ele>346.28000000000003</ele>
   </trkpt>
   <trkpt lat="-33.93562" lon="23.788790000000002">
    <ele>345.6</ele>
   </trkpt>
   <trkpt lat="-33.93571" lon="23.78856">
    <ele>344.29</ele>
   </trkpt>
   <trkpt lat="-33.93591" lon="23.78818">
    <ele>339.99</ele>
   </trkpt>
   <trkpt lat="-33.93605" lon="23.788040000000002">
    <ele>339.37</ele>
   </trkpt>
   <trkpt lat="-33.93629" lon="23.787580000000002">
    <ele>336.02000000000004</ele>
   </trkpt>
   <trkpt lat="-33.93629" lon="23.787440000000004">
    <ele>335.18</ele>
   </trkpt>
   <trkpt lat="-33.93614" lon="23.787350000000004">
    <ele>334.98</ele>
   </trkpt>
   <trkpt lat="-33.93596" lon="23.787280000000003">
    <ele>335.67</ele>
   </trkpt>
   <trkpt lat="-33.93571" lon="23.78715">
    <ele>337.3</ele>
   </trkpt>
   <trkpt lat="-33.93549" lon="23.78723">
    <ele>339.17</ele>
   </trkpt>
   <trkpt lat="-33.93524" lon="23.78725">
    <ele>335.24</ele>
   </trkpt>
   <trkpt lat="-33.93506" lon="23.787180000000003">
    <ele>334.01000000000005</ele>
   </trkpt>
   <trkpt lat="-33.9347" lon="23.78675">
    <ele>331.69000000000005</ele>
   </trkpt>
   <trkpt lat="-33.93406" lon="23.786220000000004">
    <ele>336.65</ele>
   </trkpt>
   <trkpt lat="-33.933600000000006" lon="23.78618">
    <ele>341.19000000000005</ele>
   </trkpt>
   <trkpt lat="-33.9335" lon="23.78581">
    <ele>337.40000000000003</ele>
   </trkpt>
   <trkpt lat="-33.93334" lon="23.78534">
    <ele>332.74</ele>
   </trkpt>
   <trkpt lat="-33.93309" lon="23.784920000000003">
    <ele>326.39</ele>
   </trkpt>
   <trkpt lat="-33.93289" lon="23.784760000000002">
    <ele>326.09000000000003</ele>
   </trkpt>
   <trkpt lat="-33.93247" lon="23.784580000000002">
    <ele>328.38</ele>
   </trkpt>
   <trkpt lat="-33.93206" lon="23.78432">
    <ele>331.93</ele>
   </trkpt>
   <trkpt lat="-33.93164" lon="23.784260000000003">
    <ele>337.74</ele>
   </trkpt>
   <trkpt lat="-33.93135" lon="23.78413">
    <ele>342.04</ele>
   </trkpt>
   <trkpt lat="-33.93123" lon="23.78395">
    <ele>341.05</ele>
   </trkpt>
   <trkpt lat="-33.93088" lon="23.783800000000003">
    <ele>342.43</ele>
   </trkpt>
   <trkpt lat="-33.93059" lon="23.78359">
    <ele>343.96000000000004</ele>
   </trkpt>
   <trkpt lat="-33.9302" lon="23.78339">
    <ele>341.45000000000005</ele>
   </trkpt>
   <trkpt lat="-33.93003" lon="23.783140000000003">
    <ele>337.65</ele>
   </trkpt>
   <trkpt lat="-33.92967" lon="23.78252">
    <ele>328.1</ele>
   </trkpt>
   <trkpt lat="-33.92942" lon="23.78236">
    <ele>323.64000000000004</ele>
   </trkpt>
   <trkpt lat="-33.92926" lon="23.78188">
    <ele>326.24</ele>
   </trkpt>
   <trkpt lat="-33.92924" lon="23.78177">
    <ele>326.09000000000003</ele>
   </trkpt>
   <trkpt lat="-33.92909" lon="23.781340000000004">
    <ele>324.81000000000006</ele>
   </trkpt>
   <trkpt lat="-33.92909" lon="23.781180000000003">
    <ele>323.85</ele>
   </trkpt>
   <trkpt lat="-33.92904" lon="23.780820000000002">
    <ele>320.63</ele>
   </trkpt>
   <trkpt lat="-33.92897" lon="23.780630000000002">
    <ele>319.0</ele>
   </trkpt>
   <trkpt lat="-33.92897" lon="23.780050000000003">
    <ele>316.47</ele>
   </trkpt>
   <trkpt lat="-33.92888" lon="23.77961">
    <ele>316.03000000000003</ele>
   </trkpt>
   <trkpt lat="-33.92864" lon="23.779310000000002">
    <ele>317.16</ele>
   </trkpt>
   <trkpt lat="-33.92835" lon="23.779220000000002">
    <ele>318.41</ele>
   </trkpt>
   <trkpt lat="-33.92794" lon="23.77914">
    <ele>319.40000000000003</ele>
   </trkpt>
   <trkpt lat="-33.92759" lon="23.77926">
    <ele>319.47</ele>
   </trkpt>
   <trkpt lat="-33.92712" lon="23.779190000000003">
    <ele>321.33</ele>
   </trkpt>
   <trkpt lat="-33.927" lon="23.77908">
    <ele>321.12</ele>
   </trkpt>
   <trkpt lat="-33.92691" lon="23.778940000000002">
    <ele>320.58000000000004</ele>
   </trkpt>
   <trkpt lat="-33.92671" lon="23.778730000000003">
    <ele>319.37000000000006</ele>
   </trkpt>
   <trkpt lat="-33.9266" lon="23.77851">
    <ele>316.55000000000007</ele>
   </trkpt>
   <trkpt lat="-33.92651" lon="23.778440000000003">
    <ele>315.41</ele>
   </trkpt>
   <trkpt lat="-33.92631" lon="23.778180000000003">
    <ele>312.53000000000003</ele>
   </trkpt>
   <trkpt lat="-33.92618" lon="23.77813">
    <ele>311.8</ele>
   </trkpt>
   <trkpt lat="-33.926" lon="23.77795">
    <ele>306.22</ele>
   </trkpt>
   <trkpt lat="-33.92568" lon="23.77785">
    <ele>295.08</ele>
   </trkpt>
   <trkpt lat="-33.92564" lon="23.77777">
    <ele>293.52</ele>
   </trkpt>
   <trkpt lat="-33.92557" lon="23.77774">
    <ele>290.75</ele>
   </trkpt>
   <trkpt lat="-33.92557" lon="23.777610000000003">
    <ele>288.72</ele>
   </trkpt>
   <trkpt lat="-33.92548" lon="23.77755">
    <ele>286.81</ele>
   </trkpt>
   <trkpt lat="-33.92537" lon="23.777590000000004">
    <ele>285.81</ele>
   </trkpt>
   <trkpt lat="-33.92532" lon="23.77775">
    <ele>284.78000000000003</ele>
   </trkpt>
   <trkpt lat="-33.92524" lon="23.777890000000003">
    <ele>284.73</ele>
   </trkpt>
   <trkpt lat="-33.92512" lon="23.777910000000002">
    <ele>285.08</ele>
   </trkpt>
   <trkpt lat="-33.92497" lon="23.778000000000002">
    <ele>286.56000000000006</ele>
   </trkpt>
   <trkpt lat="-33.92483" lon="23.77824">
    <ele>289.88</ele>
   </trkpt>
   <trkpt lat="-33.92461" lon="23.77841">
    <ele>292.82</ele>
   </trkpt>
   <trkpt lat="-33.92441" lon="23.778460000000003">
    <ele>292.19</ele>
   </trkpt>
   <trkpt lat="-33.92416" lon="23.77843">
    <ele>289.94</ele>
   </trkpt>
   <trkpt lat="-33.92394" lon="23.778470000000002">
    <ele>289.79</ele>
   </trkpt>
   <trkpt lat="-33.92378" lon="23.778470000000002">
    <ele>290.27000000000004</ele>
   </trkpt>
   <trkpt lat="-33.92371" lon="23.77842">
    <ele>292.01000000000005</ele>
   </trkpt>
   <trkpt lat="-33.9234" lon="23.77843">
    <ele>296.32000000000005</ele>
   </trkpt>
   <trkpt lat="-33.92318" lon="23.77833">
    <ele>294.82</ele>
   </trkpt>
   <trkpt lat="-33.92306" lon="23.778360000000003">
    <ele>294.06000000000006</ele>
   </trkpt>
   <trkpt lat="-33.92286" lon="23.778200000000002">
    <ele>291.59000000000003</ele>
   </trkpt>
   <trkpt lat="-33.92271" lon="23.77795">
    <ele>290.72</ele>
   </trkpt>
   <trkpt lat="-33.922610000000006" lon="23.777680000000004">
    <ele>291.50000000000006</ele>
   </trkpt>
   <trkpt lat="-33.92257" lon="23.77756">
    <ele>291.47</ele>
   </trkpt>
   <trkpt lat="-33.9225" lon="23.777250000000002">
    <ele>291.99</ele>
   </trkpt>
   <trkpt lat="-33.92235" lon="23.776690000000002">
    <ele>292.31</ele>
   </trkpt>
   <trkpt lat="-33.92221" lon="23.77636">
    <ele>292.75</ele>
   </trkpt>
   <trkpt lat="-33.92191000135037" lon="23.77576999781157">
    <ele>293.25</ele>
   </trkpt>
   <trkpt lat="-33.92161" lon="23.775180000000002">
    <ele>295.28999999999996</ele>
   </trkpt>
   <trkpt lat="-33.92125" lon="23.774780000000003">
    <ele>297.51</ele>
   </trkpt>
   <trkpt lat="-33.92125" lon="23.77465">
    <ele>298.2</ele>
   </trkpt>
   <trkpt lat="-33.921" lon="23.774220000000003">
    <ele>302.17</ele>
   </trkpt>
   <trkpt lat="-33.92091" lon="23.774120000000003">
    <ele>302.44000000000005</ele>
   </trkpt>
   <trkpt lat="-33.92056" lon="23.773960000000002">
    <ele>305.54</ele>
   </trkpt>
   <trkpt lat="-33.92036" lon="23.77381">
    <ele>306.39000000000004</ele>
   </trkpt>
   <trkpt lat="-33.92018" lon="23.77373">
    <ele>306.88000000000005</ele>
   </trkpt>
   <trkpt lat="-33.92" lon="23.773680000000002">
    <ele>309.34</ele>
   </trkpt>
   <trkpt lat="-33.91989" lon="23.773670000000003">
    <ele>310.32000000000005</ele>
   </trkpt>
   <trkpt lat="-33.91971" lon="23.77382">
    <ele>312.70000000000005</ele>
   </trkpt>
   <trkpt lat="-33.91962" lon="23.77379">
    <ele>313.18</ele>
   </trkpt>
   <trkpt lat="-33.919430000000006" lon="23.77389">
    <ele>315.71999999999997</ele>
   </trkpt>
   <trkpt lat="-33.91915" lon="23.773850000000003">
    <ele>319.64000000000004</ele>
   </trkpt>
   <trkpt lat="-33.91901" lon="23.773680000000002">
    <ele>324.92</ele>
   </trkpt>
   <trkpt lat="-33.91883" lon="23.773690000000002">
    <ele>327.61</ele>
   </trkpt>
   <trkpt lat="-33.91886" lon="23.773370000000003">
    <ele>334.11</ele>
   </trkpt>
   <trkpt lat="-33.91861" lon="23.773300000000003">
    <ele>340.21</ele>
   </trkpt>
   <trkpt lat="-33.91827" lon="23.77306">
    <ele>348.89000000000004</ele>
   </trkpt>
   <trkpt lat="-33.91818" lon="23.77278">
    <ele>353.53000000000003</ele>
   </trkpt>
   <trkpt lat="-33.91823" lon="23.772630000000003">
    <ele>360.23</ele>
   </trkpt>
   <trkpt lat="-33.91816" lon="23.772460000000002">
    <ele>365.15000000000003</ele>
   </trkpt>
   <trkpt lat="-33.91792" lon="23.772250000000003">
    <ele>371.91</ele>
   </trkpt>
   <trkpt lat="-33.91751" lon="23.77213">
    <ele>382.74</ele>
   </trkpt>
   <trkpt lat="-33.91747" lon="23.772050000000004">
    <ele>386.07</ele>
   </trkpt>
   <trkpt lat="-33.91733" lon="23.771990000000002">
    <ele>389.90000000000003</ele>
   </trkpt>
   <trkpt lat="-33.91706" lon="23.77195">
    <ele>394.96000000000004</ele>
   </trkpt>
   <trkpt lat="-33.917" lon="23.77182">
    <ele>398.38</ele>
   </trkpt>
   <trkpt lat="-33.91693" lon="23.77119">
    <ele>412.0</ele>
   </trkpt>
   <trkpt lat="-33.91702" lon="23.770930000000003">
    <ele>420.46000000000004</ele>
   </trkpt>
   <trkpt lat="-33.91713" lon="23.77026">
    <ele>431.97</ele>
   </trkpt>
   <trkpt lat="-33.91718500142863" lon="23.76967000014481">
    <ele>447.15000000000003</ele>
   </trkpt>
   <trkpt lat="-33.91724" lon="23.769080000000002">
    <ele>465.22</ele>
   </trkpt>
   <trkpt lat="-33.91733" lon="23.76857">
    <ele>478.45000000000005</ele>
   </trkpt>
   <trkpt lat="-33.91742" lon="23.768250000000002">
    <ele>486.11</ele>
   </trkpt>
   <trkpt lat="-33.91749" lon="23.768150000000002">
    <ele>487.17</ele>
   </trkpt>
   <trkpt lat="-33.91771" lon="23.768040000000003">
    <ele>492.6</ele>
   </trkpt>
   <trkpt lat="-33.91783" lon="23.768050000000002">
    <ele>495.75</ele>
   </trkpt>
   <trkpt lat="-33.91785" lon="23.7679">
    <ele>499.46</ele>
   </trkpt>
   <trkpt lat="-33.91783" lon="23.767740000000003">
    <ele>506.32</ele>
   </trkpt>
   <trkpt lat="-33.91783" lon="23.76723">
    <ele>515.6</ele>
   </trkpt>
   <trkpt lat="-33.91783" lon="23.767000000000003">
    <ele>523.17</ele>
   </trkpt>
   <trkpt lat="-33.91778" lon="23.766810000000003">
    <ele>527.0400000000001</ele>
   </trkpt>
   <trkpt lat="-33.917860000000005" lon="23.76638">
    <ele>537.88</ele>
   </trkpt>
   <trkpt lat="-33.91785" lon="23.766430000000003">
    <ele>536.61</ele>
   </trkpt>
   <trkpt lat="-33.91789" lon="23.766080000000002">
    <ele>547.73</ele>
   </trkpt>
   <trkpt lat="-33.91785" lon="23.765680000000003">
    <ele>560.7</ele>
   </trkpt>
   <trkpt lat="-33.91787" lon="23.76554">
    <ele>563.59</ele>
   </trkpt>
   <trkpt lat="-33.91778" lon="23.765060000000002">
    <ele>573.4200000000001</ele>
   </trkpt>
   <trkpt lat="-33.91776" lon="23.764580000000002">
    <ele>580.5100000000001</ele>
   </trkpt>
   <trkpt lat="-33.91761500130392" lon="23.764014999092957">
    <ele>588.13</ele>
   </trkpt>
   <trkpt lat="-33.91747" lon="23.763450000000002">
    <ele>599.53</ele>
   </trkpt>
   <trkpt lat="-33.91745" lon="23.763270000000002">
    <ele>605.44</ele>
   </trkpt>
   <trkpt lat="-33.9174" lon="23.76313">
    <ele>610.7600000000001</ele>
   </trkpt>
   <trkpt lat="-33.91736" lon="23.76275">
    <ele>618.2200000000001</ele>
   </trkpt>
   <trkpt lat="-33.91727" lon="23.762590000000003">
    <ele>620.95</ele>
   </trkpt>
   <trkpt lat="-33.917145001297214" lon="23.762034999419026">
    <ele>625.73</ele>
   </trkpt>
   <trkpt lat="-33.91702" lon="23.761480000000002">
    <ele>630.0</ele>
   </trkpt>
   <trkpt lat="-33.91682" lon="23.76077">
    <ele>640.3199999999999</ele>
   </trkpt>
   <trkpt lat="-33.91671" lon="23.760430000000003">
    <ele>642.8000000000001</ele>
   </trkpt>
   <trkpt lat="-33.91639" lon="23.76012">
    <ele>645.93</ele>
   </trkpt>
   <trkpt lat="-33.91621" lon="23.759970000000003">
    <ele>647.49</ele>
   </trkpt>
   <trkpt lat="-33.91597" lon="23.759860000000003">
    <ele>650.84</ele>
   </trkpt>
   <trkpt lat="-33.9157" lon="23.759760000000004">
    <ele>651.44</ele>
   </trkpt>
   <trkpt lat="-33.9155" lon="23.75966">
    <ele>650.11</ele>
   </trkpt>
   <trkpt lat="-33.91534" lon="23.75962">
    <ele>648.2500000000001</ele>
   </trkpt>
   <trkpt lat="-33.91485" lon="23.759240000000002">
    <ele>641.99</ele>
   </trkpt>
   <trkpt lat="-33.91427" lon="23.75871">
    <ele>623.36</ele>
   </trkpt>
   <trkpt lat="-33.9138" lon="23.758480000000002">
    <ele>614.1</ele>
   </trkpt>
   <trkpt lat="-33.91371" lon="23.75841">
    <ele>611.21</ele>
   </trkpt>
   <trkpt lat="-33.91346" lon="23.758080000000003">
    <ele>600.34</ele>
   </trkpt>
   <trkpt lat="-33.91320500122268" lon="23.75753999847834">
    <ele>592.95</ele>
   </trkpt>
   <trkpt lat="-33.91295" lon="23.757">
    <ele>586.5600000000001</ele>
   </trkpt>
   <trkpt lat="-33.91277" lon="23.75645">
    <ele>579.4200000000001</ele>
   </trkpt>
   <trkpt lat="-33.91257" lon="23.75609">
    <ele>575.28</ele>
   </trkpt>
   <trkpt lat="-33.91252" lon="23.755860000000002">
    <ele>572.89</ele>
   </trkpt>
   <trkpt lat="-33.91236" lon="23.755580000000002">
    <ele>564.8100000000001</ele>
   </trkpt>
   <trkpt lat="-33.91223" lon="23.75512">
    <ele>554.5500000000001</ele>
   </trkpt>
   <trkpt lat="-33.91212" lon="23.755000000000003">
    <ele>551.8700000000001</ele>
   </trkpt>
   <trkpt lat="-33.91192" lon="23.754980000000003">
    <ele>543.3</ele>
   </trkpt>
   <trkpt lat="-33.91174" lon="23.75505">
    <ele>540.0200000000001</ele>
   </trkpt>
   <trkpt lat="-33.91151" lon="23.75466">
    <ele>532.61</ele>
   </trkpt>
   <trkpt lat="-33.911440000000006" lon="23.754420000000003">
    <ele>528.2600000000001</ele>
   </trkpt>
   <trkpt lat="-33.91129" lon="23.75409">
    <ele>524.96</ele>
   </trkpt>
   <trkpt lat="-33.91122" lon="23.75355">
    <ele>519.51</ele>
   </trkpt>
   <trkpt lat="-33.91107" lon="23.753010000000003">
    <ele>514.78</ele>
   </trkpt>
   <trkpt lat="-33.9108" lon="23.752540000000003">
    <ele>506.02000000000004</ele>
   </trkpt>
   <trkpt lat="-33.91073" lon="23.752180000000003">
    <ele>496.76000000000005</ele>
   </trkpt>
   <trkpt lat="-33.91055" lon="23.75187">
    <ele>486.50000000000006</ele>
   </trkpt>
   <trkpt lat="-33.91046" lon="23.751150000000003">
    <ele>471.37</ele>
   </trkpt>
   <trkpt lat="-33.91037" lon="23.750750000000004">
    <ele>465.87000000000006</ele>
   </trkpt>
   <trkpt lat="-33.9103" lon="23.7499">
    <ele>457.16</ele>
   </trkpt>
   <trkpt lat="-33.91017000251691" lon="23.749114998966213">
    <ele>447.04</ele>
   </trkpt>
   <trkpt lat="-33.91004" lon="23.748330000000003">
    <ele>436.77000000000004</ele>
   </trkpt>
   <trkpt lat="-33.90995" lon="23.748040000000003">
    <ele>430.19</ele>
   </trkpt>
   <trkpt lat="-33.90988" lon="23.747480000000003">
    <ele>420.41</ele>
   </trkpt>
   <trkpt lat="-33.90988" lon="23.747220000000002">
    <ele>415.6</ele>
   </trkpt>
   <trkpt lat="-33.90992" lon="23.746740000000003">
    <ele>409.14000000000004</ele>
   </trkpt>
   <trkpt lat="-33.90992" lon="23.74639">
    <ele>405.07000000000005</ele>
   </trkpt>
   <trkpt lat="-33.90995" lon="23.746250000000003">
    <ele>403.45000000000005</ele>
   </trkpt>
   <trkpt lat="-33.90992" lon="23.74556">
    <ele>397.49</ele>
   </trkpt>
   <trkpt lat="-33.90999" lon="23.745230000000003">
    <ele>392.65000000000003</ele>
   </trkpt>
   <trkpt lat="-33.90992" lon="23.7451">
    <ele>392.92</ele>
   </trkpt>
   <trkpt lat="-33.90995" lon="23.744970000000002">
    <ele>392.74</ele>
   </trkpt>
   <trkpt lat="-33.90977" lon="23.744310000000002">
    <ele>388.40000000000003</ele>
   </trkpt>
   <trkpt lat="-33.90963" lon="23.74415">
    <ele>386.76000000000005</ele>
   </trkpt>
   <trkpt lat="-33.90939" lon="23.74367">
    <ele>384.90000000000003</ele>
   </trkpt>
   <trkpt lat="-33.90912" lon="23.743350000000003">
    <ele>377.71000000000004</ele>
   </trkpt>
   <trkpt lat="-33.90889" lon="23.7433">
    <ele>372.43</ele>
   </trkpt>
   <trkpt lat="-33.90903" lon="23.74293">
    <ele>363.82000000000005</ele>
   </trkpt>
   <trkpt lat="-33.90981" lon="23.742490000000004">
    <ele>340.57000000000005</ele>
   </trkpt>
   <trkpt lat="-33.91035" lon="23.742130000000003">
    <ele>325.16</ele>
   </trkpt>
   <trkpt lat="-33.91082" lon="23.74218">
    <ele>323.21000000000004</ele>
   </trkpt>
   <trkpt lat="-33.91086" lon="23.741870000000002">
    <ele>322.33</ele>
   </trkpt>
   <trkpt lat="-33.91077" lon="23.74171">
    <ele>324.25000000000006</ele>
   </trkpt>
   <trkpt lat="-33.9106" lon="23.741670000000003">
    <ele>328.18</ele>
   </trkpt>
   <trkpt lat="-33.9103" lon="23.74164">
    <ele>336.73</ele>
   </trkpt>
   <trkpt lat="-33.91019" lon="23.741480000000003">
    <ele>338.83000000000004</ele>
   </trkpt>
   <trkpt lat="-33.91001" lon="23.74145">
    <ele>343.54</ele>
   </trkpt>
   <trkpt lat="-33.90974" lon="23.74133">
    <ele>354.33000000000004</ele>
   </trkpt>
   <trkpt lat="-33.9095" lon="23.741100000000003">
    <ele>362.7900000000001</ele>
   </trkpt>
   <trkpt lat="-33.90923" lon="23.740730000000003">
    <ele>370.36</ele>
   </trkpt>
   <trkpt lat="-33.9091" lon="23.740740000000002">
    <ele>372.37</ele>
   </trkpt>
   <trkpt lat="-33.90901" lon="23.7405">
    <ele>374.85</ele>
   </trkpt>
   <trkpt lat="-33.90885" lon="23.739870000000003">
    <ele>379.64000000000004</ele>
   </trkpt>
   <trkpt lat="-33.90878" lon="23.739720000000002">
    <ele>382.87000000000006</ele>
   </trkpt>
   <trkpt lat="-33.90878" lon="23.739590000000003">
    <ele>383.48</ele>
   </trkpt>
   <trkpt lat="-33.9091" lon="23.73926">
    <ele>382.3</ele>
   </trkpt>
   <trkpt lat="-33.90923" lon="23.739150000000002">
    <ele>380.65000000000003</ele>
   </trkpt>
   <trkpt lat="-33.90965500116135" lon="23.73861500266152">
    <ele>381.46000000000004</ele>
   </trkpt>
   <trkpt lat="-33.91008" lon="23.738080000000004">
    <ele>378.82000000000005</ele>
   </trkpt>
   <trkpt lat="-33.91028" lon="23.73778">
    <ele>378.52000000000004</ele>
   </trkpt>
   <trkpt lat="-33.91042" lon="23.737630000000003">
    <ele>377.45</ele>
   </trkpt>
   <trkpt lat="-33.9108" lon="23.73665">
    <ele>378.6</ele>
   </trkpt>
   <trkpt lat="-33.91071" lon="23.73609">
    <ele>379.57</ele>
   </trkpt>
   <trkpt lat="-33.91042" lon="23.73532">
    <ele>383.15000000000003</ele>
   </trkpt>
   <trkpt lat="-33.91021" lon="23.735100000000003">
    <ele>384.71000000000004</ele>
   </trkpt>
   <trkpt lat="-33.90974" lon="23.735010000000003">
    <ele>387.47</ele>
   </trkpt>
   <trkpt lat="-33.90943" lon="23.734750000000002">
    <ele>389.13</ele>
   </trkpt>
   <trkpt lat="-33.90912" lon="23.7341">
    <ele>394.78000000000003</ele>
   </trkpt>
   <trkpt lat="-33.9088" lon="23.733610000000002">
    <ele>400.62</ele>
   </trkpt>
   <trkpt lat="-33.90871" lon="23.733390000000004">
    <ele>401.9200000000001</ele>
   </trkpt>
   <trkpt lat="-33.9086" lon="23.732640000000004">
    <ele>408.09</ele>
   </trkpt>
   <trkpt lat="-33.90847" lon="23.73203">
    <ele>411.86000000000007</ele>
   </trkpt>
   <trkpt lat="-33.90836" lon="23.731730000000002">
    <ele>414.40000000000003</ele>
   </trkpt>
   <trkpt lat="-33.90833" lon="23.73158">
    <ele>415.54</ele>
   </trkpt>
   <trkpt lat="-33.90827" lon="23.731440000000003">
    <ele>415.54</ele>
   </trkpt>
   <trkpt lat="-33.90822" lon="23.731260000000002">
    <ele>417.37</ele>
   </trkpt>
   <trkpt lat="-33.90807" lon="23.730970000000003">
    <ele>421.08</ele>
   </trkpt>
   <trkpt lat="-33.90789" lon="23.73038">
    <ele>424.47</ele>
   </trkpt>
   <trkpt lat="-33.90786" lon="23.730150000000002">
    <ele>425.82000000000005</ele>
   </trkpt>
   <trkpt lat="-33.90759500207013" lon="23.729434997789657">
    <ele>432.11</ele>
   </trkpt>
   <trkpt lat="-33.90733" lon="23.728720000000003">
    <ele>437.01</ele>
   </trkpt>
   <trkpt lat="-33.90704" lon="23.728420000000003">
    <ele>437.22</ele>
   </trkpt>
   <trkpt lat="-33.90697" lon="23.728180000000002">
    <ele>436.64000000000004</ele>
   </trkpt>
   <trkpt lat="-33.90708" lon="23.72791">
    <ele>435.64000000000004</ele>
   </trkpt>
   <trkpt lat="-33.90739" lon="23.72763">
    <ele>434.07</ele>
   </trkpt>
   <trkpt lat="-33.90775" lon="23.72719">
    <ele>431.99</ele>
   </trkpt>
   <trkpt lat="-33.9078" lon="23.72698">
    <ele>431.63</ele>
   </trkpt>
   <trkpt lat="-33.90753" lon="23.726570000000002">
    <ele>431.69</ele>
   </trkpt>
   <trkpt lat="-33.90751" lon="23.726460000000003">
    <ele>431.92</ele>
   </trkpt>
   <trkpt lat="-33.90764" lon="23.726360000000003">
    <ele>432.64000000000004</ele>
   </trkpt>
   <trkpt lat="-33.908" lon="23.726180000000003">
    <ele>432.8</ele>
   </trkpt>
   <trkpt lat="-33.9082" lon="23.72577">
    <ele>433.91</ele>
   </trkpt>
   <trkpt lat="-33.90842" lon="23.72512">
    <ele>436.01</ele>
   </trkpt>
   <trkpt lat="-33.90854" lon="23.72435">
    <ele>441.61000000000007</ele>
   </trkpt>
   <trkpt lat="-33.90858" lon="23.72389">
    <ele>446.38000000000005</ele>
   </trkpt>
   <trkpt lat="-33.908570000000005" lon="23.723740000000003">
    <ele>447.76000000000005</ele>
   </trkpt>
   <trkpt lat="-33.908570000000005" lon="23.7238">
    <ele>447.3</ele>
   </trkpt>
   <trkpt lat="-33.90854" lon="23.7235">
    <ele>449.5</ele>
   </trkpt>
   <trkpt lat="-33.90851" lon="23.722800000000003">
    <ele>457.62</ele>
   </trkpt>
   <trkpt lat="-33.90845" lon="23.722260000000002">
    <ele>463.40000000000003</ele>
   </trkpt>
   <trkpt lat="-33.90833" lon="23.72181">
    <ele>466.56</ele>
   </trkpt>
   <trkpt lat="-33.90836" lon="23.721700000000002">
    <ele>466.37000000000006</ele>
   </trkpt>
   <trkpt lat="-33.90867" lon="23.721490000000003">
    <ele>466.44</ele>
   </trkpt>
   <trkpt lat="-33.90892" lon="23.721290000000003">
    <ele>467.56</ele>
   </trkpt>
   <trkpt lat="-33.90907" lon="23.72106">
    <ele>469.01000000000005</ele>
   </trkpt>
   <trkpt lat="-33.90914" lon="23.720720000000004">
    <ele>469.95000000000005</ele>
   </trkpt>
   <trkpt lat="-33.90919" lon="23.720180000000003">
    <ele>472.29</ele>
   </trkpt>
   <trkpt lat="-33.90948" lon="23.719620000000003">
    <ele>474.09</ele>
   </trkpt>
   <trkpt lat="-33.90961" lon="23.719260000000002">
    <ele>476.38</ele>
   </trkpt>
   <trkpt lat="-33.90957" lon="23.71845">
    <ele>481.85</ele>
   </trkpt>
   <trkpt lat="-33.9097" lon="23.717750000000002">
    <ele>489.25</ele>
   </trkpt>
   <trkpt lat="-33.90972" lon="23.71739">
    <ele>491.84000000000003</ele>
   </trkpt>
   <trkpt lat="-33.90981" lon="23.717070000000003">
    <ele>497.62000000000006</ele>
   </trkpt>
   <trkpt lat="-33.90983" lon="23.716790000000003">
    <ele>502.84000000000003</ele>
   </trkpt>
   <trkpt lat="-33.909670000000006" lon="23.7162">
    <ele>509.74000000000007</ele>
   </trkpt>
   <trkpt lat="-33.909620001798565" lon="23.71552999940346">
    <ele>514.0</ele>
   </trkpt>
   <trkpt lat="-33.90957" lon="23.71486">
    <ele>520.19</ele>
   </trkpt>
   <trkpt lat="-33.90957" lon="23.714550000000003">
    <ele>523.6</ele>
   </trkpt>
   <trkpt lat="-33.90948" lon="23.714090000000002">
    <ele>523.7700000000001</ele>
   </trkpt>
   <trkpt lat="-33.90948" lon="23.713820000000002">
    <ele>522.54</ele>
   </trkpt>
   <trkpt lat="-33.909445002525516" lon="23.713029999763418">
    <ele>513.5200000000001</ele>
   </trkpt>
   <trkpt lat="-33.90941" lon="23.71224">
    <ele>506.9600000000001</ele>
   </trkpt>
   <trkpt lat="-33.9095750019884" lon="23.711540001318625">
    <ele>500.18000000000006</ele>
   </trkpt>
   <trkpt lat="-33.90974" lon="23.71084">
    <ele>493.99</ele>
   </trkpt>
   <trkpt lat="-33.90934000045722" lon="23.710504998431052">
    <ele>493.2900000000001</ele>
   </trkpt>
   <trkpt lat="-33.90894" lon="23.71017">
    <ele>492.65000000000003</ele>
   </trkpt>
   <trkpt lat="-33.90849" lon="23.709750000000003">
    <ele>490.00000000000006</ele>
   </trkpt>
   <trkpt lat="-33.90804" lon="23.70932">
    <ele>488.47</ele>
   </trkpt>
   <trkpt lat="-33.90789" lon="23.709120000000002">
    <ele>488.40000000000003</ele>
   </trkpt>
   <trkpt lat="-33.90768500097814" lon="23.708634998899292">
    <ele>487.33000000000004</ele>
   </trkpt>
   <trkpt lat="-33.90748" lon="23.708150000000003">
    <ele>486.63000000000005</ele>
   </trkpt>
   <trkpt lat="-33.90719" lon="23.70756">
    <ele>485.96000000000004</ele>
   </trkpt>
   <trkpt lat="-33.90686" lon="23.706760000000003">
    <ele>484.4700000000001</ele>
   </trkpt>
   <trkpt lat="-33.90657" lon="23.70616">
    <ele>483.86</ele>
   </trkpt>
   <trkpt lat="-33.90634" lon="23.70559">
    <ele>486.1</ele>
   </trkpt>
   <trkpt lat="-33.90614" lon="23.70523">
    <ele>491.73</ele>
   </trkpt>
   <trkpt lat="-33.90583" lon="23.70501">
    <ele>499.88000000000005</ele>
   </trkpt>
   <trkpt lat="-33.90554" lon="23.705070000000003">
    <ele>506.04</ele>
   </trkpt>
   <trkpt lat="-33.90529" lon="23.705260000000003">
    <ele>509.15</ele>
   </trkpt>
   <trkpt lat="-33.90516" lon="23.70549">
    <ele>509.70000000000005</ele>
   </trkpt>
   <trkpt lat="-33.905" lon="23.705560000000002">
    <ele>508.85</ele>
   </trkpt>
   <trkpt lat="-33.90484" lon="23.70568">
    <ele>508.39</ele>
   </trkpt>
   <trkpt lat="-33.90446" lon="23.70617">
    <ele>513.07</ele>
   </trkpt>
   <trkpt lat="-33.90424" lon="23.706080000000004">
    <ele>518.03</ele>
   </trkpt>
   <trkpt lat="-33.90413" lon="23.70597">
    <ele>521.07</ele>
   </trkpt>
   <trkpt lat="-33.90395" lon="23.705910000000003">
    <ele>523.0400000000001</ele>
   </trkpt>
   <trkpt lat="-33.90357" lon="23.706010000000003">
    <ele>526.85</ele>
   </trkpt>
   <trkpt lat="-33.90332" lon="23.705890000000004">
    <ele>526.5500000000001</ele>
   </trkpt>
   <trkpt lat="-33.90301" lon="23.705240000000003">
    <ele>536.42</ele>
   </trkpt>
   <trkpt lat="-33.90301" lon="23.7051">
    <ele>538.1600000000001</ele>
   </trkpt>
   <trkpt lat="-33.902820000000006" lon="23.70466">
    <ele>546.0</ele>
   </trkpt>
   <trkpt lat="-33.90281" lon="23.704030000000003">
    <ele>546.71</ele>
   </trkpt>
   <trkpt lat="-33.90294" lon="23.70315">
    <ele>538.3800000000001</ele>
   </trkpt>
   <trkpt lat="-33.90292" lon="23.70286">
    <ele>536.37</ele>
   </trkpt>
   <trkpt lat="-33.90292" lon="23.702720000000003">
    <ele>535.35</ele>
   </trkpt>
   <trkpt lat="-33.90314" lon="23.70202">
    <ele>531.71</ele>
   </trkpt>
   <trkpt lat="-33.90316" lon="23.70172">
    <ele>531.21</ele>
   </trkpt>
   <trkpt lat="-33.9031" lon="23.70156">
    <ele>531.0100000000001</ele>
   </trkpt>
   <trkpt lat="-33.90314" lon="23.701410000000003">
    <ele>530.95</ele>
   </trkpt>
   <trkpt lat="-33.90312" lon="23.70117">
    <ele>531.74</ele>
   </trkpt>
   <trkpt lat="-33.90285" lon="23.700300000000002">
    <ele>535.95</ele>
   </trkpt>
   <trkpt lat="-33.90272" lon="23.70003">
    <ele>536.6200000000001</ele>
   </trkpt>
   <trkpt lat="-33.90265" lon="23.69977">
    <ele>536.8900000000001</ele>
   </trkpt>
   <trkpt lat="-33.9026" lon="23.699710000000003">
    <ele>536.9300000000001</ele>
   </trkpt>
   <trkpt lat="-33.90251" lon="23.699440000000003">
    <ele>536.0</ele>
   </trkpt>
   <trkpt lat="-33.90249" lon="23.699270000000002">
    <ele>534.0200000000001</ele>
   </trkpt>
   <trkpt lat="-33.90245" lon="23.69912">
    <ele>534.0200000000001</ele>
   </trkpt>
   <trkpt lat="-33.90238" lon="23.698790000000002">
    <ele>531.58</ele>
   </trkpt>
   <trkpt lat="-33.90222" lon="23.69863">
    <ele>530.59</ele>
   </trkpt>
   <trkpt lat="-33.90195" lon="23.698230000000002">
    <ele>528.2600000000001</ele>
   </trkpt>
   <trkpt lat="-33.90193" lon="23.698040000000002">
    <ele>527.0100000000001</ele>
   </trkpt>
   <trkpt lat="-33.90202" lon="23.69791">
    <ele>526.47</ele>
   </trkpt>
   <trkpt lat="-33.90204" lon="23.69772">
    <ele>526.7</ele>
   </trkpt>
   <trkpt lat="-33.90195" lon="23.696900000000003">
    <ele>531.1</ele>
   </trkpt>
   <trkpt lat="-33.90191" lon="23.696050000000003">
    <ele>530.02</ele>
   </trkpt>
   <trkpt lat="-33.90191" lon="23.695990000000002">
    <ele>529.93</ele>
   </trkpt>
   <trkpt lat="-33.90189" lon="23.694930000000003">
    <ele>528.15</ele>
   </trkpt>
   <trkpt lat="-33.90191" lon="23.694480000000002">
    <ele>527.0</ele>
   </trkpt>
   <trkpt lat="-33.90189500203662" lon="23.69376999987755">
    <ele>526.87</ele>
   </trkpt>
   <trkpt lat="-33.901880000000006" lon="23.693060000000003">
    <ele>517.82</ele>
   </trkpt>
   <trkpt lat="-33.90188000320008" lon="23.692170000102877">
    <ele>521.11</ele>
   </trkpt>
   <trkpt lat="-33.901880000000006" lon="23.691280000000003">
    <ele>516.9</ele>
   </trkpt>
   <trkpt lat="-33.90182" lon="23.690690000000004">
    <ele>515.4000000000001</ele>
   </trkpt>
   <trkpt lat="-33.90187" lon="23.689980000000002">
    <ele>515.0400000000001</ele>
   </trkpt>
   <trkpt lat="-33.901880000000006" lon="23.688940000000002">
    <ele>510.86000000000007</ele>
   </trkpt>
   <trkpt lat="-33.9018" lon="23.688840000000003">
    <ele>510.77000000000004</ele>
   </trkpt>
   <trkpt lat="-33.90173" lon="23.68878">
    <ele>510.25000000000006</ele>
   </trkpt>
   <trkpt lat="-33.90164" lon="23.68852">
    <ele>508.25000000000006</ele>
   </trkpt>
   <trkpt lat="-33.9018" lon="23.68833">
    <ele>504.74000000000007</ele>
   </trkpt>
   <trkpt lat="-33.90182" lon="23.688250000000004">
    <ele>503.72</ele>
   </trkpt>
   <trkpt lat="-33.9018" lon="23.68813">
    <ele>500.48999999999995</ele>
   </trkpt>
   <trkpt lat="-33.901880000000006" lon="23.687800000000003">
    <ele>502.3500000000001</ele>
   </trkpt>
   <trkpt lat="-33.90175" lon="23.68719">
    <ele>506.85</ele>
   </trkpt>
   <trkpt lat="-33.90178" lon="23.686950000000003">
    <ele>507.09999999999997</ele>
   </trkpt>
   <trkpt lat="-33.90177667496355" lon="23.685936666592205">
    <ele>499.38000000000005</ele>
   </trkpt>
   <trkpt lat="-33.901773341630225" lon="23.684923333263548">
    <ele>501.44</ele>
   </trkpt>
   <trkpt lat="-33.901770000000006" lon="23.68391">
    <ele>490.91</ele>
   </trkpt>
   <trkpt lat="-33.90178" lon="23.683090000000004">
    <ele>496.21000000000004</ele>
   </trkpt>
   <trkpt lat="-33.90182" lon="23.682150000000004">
    <ele>493.95000000000005</ele>
   </trkpt>
   <trkpt lat="-33.90171" lon="23.681220000000003">
    <ele>489.37</ele>
   </trkpt>
   <trkpt lat="-33.90128" lon="23.68091">
    <ele>492.96000000000004</ele>
   </trkpt>
   <trkpt lat="-33.90131" lon="23.68073">
    <ele>494.43</ele>
   </trkpt>
   <trkpt lat="-33.90142" lon="23.680570000000003">
    <ele>494.15000000000003</ele>
   </trkpt>
   <trkpt lat="-33.90164" lon="23.680380000000003">
    <ele>491.53000000000003</ele>
   </trkpt>
   <trkpt lat="-33.90166" lon="23.68024">
    <ele>490.82000000000005</ele>
   </trkpt>
   <trkpt lat="-33.901565010822985" lon="23.67929499683742">
    <ele>483.83000000000004</ele>
   </trkpt>
   <trkpt lat="-33.90147001443035" lon="23.678349995780593">
    <ele>489.8500000000001</ele>
   </trkpt>
   <trkpt lat="-33.90137501082218" lon="23.677404996829672">
    <ele>491.19</ele>
   </trkpt>
   <trkpt lat="-33.90128" lon="23.676460000000002">
    <ele>493.03000000000003</ele>
   </trkpt>
   <trkpt lat="-33.90122" lon="23.676330000000004">
    <ele>493.46000000000004</ele>
   </trkpt>
   <trkpt lat="-33.90124" lon="23.67611">
    <ele>495.07000000000005</ele>
   </trkpt>
   <trkpt lat="-33.90116000311654" lon="23.675229999042458">
    <ele>493.7900000000001</ele>
   </trkpt>
   <trkpt lat="-33.90108" lon="23.67435">
    <ele>490.32000000000005</ele>
   </trkpt>
   <trkpt lat="-33.90095" lon="23.674280000000003">
    <ele>489.90000000000003</ele>
   </trkpt>
   <trkpt lat="-33.90104" lon="23.67397">
    <ele>489.67</ele>
   </trkpt>
   <trkpt lat="-33.90095" lon="23.673140000000004">
    <ele>492.39000000000004</ele>
   </trkpt>
   <trkpt lat="-33.90086000354939" lon="23.672204999195767">
    <ele>497.04</ele>
   </trkpt>
   <trkpt lat="-33.90077" lon="23.671270000000003">
    <ele>499.34000000000003</ele>
   </trkpt>
   <trkpt lat="-33.90081" lon="23.670730000000002">
    <ele>492.90000000000003</ele>
   </trkpt>
   <trkpt lat="-33.90075" lon="23.66992">
    <ele>479.69000000000005</ele>
   </trkpt>
   <trkpt lat="-33.90084" lon="23.669420000000002">
    <ele>475.03000000000003</ele>
   </trkpt>
   <trkpt lat="-33.90084" lon="23.669020000000003">
    <ele>475.19000000000005</ele>
   </trkpt>
   <trkpt lat="-33.90077" lon="23.66832">
    <ele>470.11</ele>
   </trkpt>
   <trkpt lat="-33.90084" lon="23.667980000000004">
    <ele>469.35</ele>
   </trkpt>
   <trkpt lat="-33.90081" lon="23.667350000000003">
    <ele>465.59000000000003</ele>
   </trkpt>
   <trkpt lat="-33.90084" lon="23.667250000000003">
    <ele>463.5</ele>
   </trkpt>
   <trkpt lat="-33.90095" lon="23.66636">
    <ele>462.06</ele>
   </trkpt>
   <trkpt lat="-33.90097" lon="23.66627">
    <ele>462.3</ele>
   </trkpt>
   <trkpt lat="-33.90097" lon="23.66553">
    <ele>462.11</ele>
   </trkpt>
   <trkpt lat="-33.9009" lon="23.66449">
    <ele>456.23</ele>
   </trkpt>
   <trkpt lat="-33.90084" lon="23.664150000000003">
    <ele>453.68</ele>
   </trkpt>
   <trkpt lat="-33.90081" lon="23.663610000000002">
    <ele>447.90000000000003</ele>
   </trkpt>
   <trkpt lat="-33.90075" lon="23.66346">
    <ele>446.70000000000005</ele>
   </trkpt>
   <trkpt lat="-33.9007" lon="23.66308">
    <ele>439.93</ele>
   </trkpt>
   <trkpt lat="-33.90072" lon="23.6627">
    <ele>437.1700000000001</ele>
   </trkpt>
   <trkpt lat="-33.9006750015185" lon="23.66208499954566">
    <ele>434.48</ele>
   </trkpt>
   <trkpt lat="-33.90063" lon="23.66147">
    <ele>428.62000000000006</ele>
   </trkpt>
   <trkpt lat="-33.90057" lon="23.661140000000003">
    <ele>425.50000000000006</ele>
   </trkpt>
   <trkpt lat="-33.90057" lon="23.660570000000003">
    <ele>418.01000000000005</ele>
   </trkpt>
   <trkpt lat="-33.900525001648866" lon="23.659929999578683">
    <ele>411.71000000000004</ele>
   </trkpt>
   <trkpt lat="-33.90048" lon="23.659290000000002">
    <ele>401.28000000000003</ele>
   </trkpt>
   <trkpt lat="-33.90052" lon="23.658700000000003">
    <ele>393.33</ele>
   </trkpt>
   <trkpt lat="-33.90079" lon="23.658220000000004">
    <ele>380.62</ele>
   </trkpt>
   <trkpt lat="-33.90088" lon="23.657980000000002">
    <ele>376.85</ele>
   </trkpt>
   <trkpt lat="-33.90095" lon="23.657880000000002">
    <ele>373.82000000000005</ele>
   </trkpt>
   <trkpt lat="-33.90104" lon="23.657790000000002">
    <ele>372.00000000000006</ele>
   </trkpt>
   <trkpt lat="-33.90115" lon="23.657860000000003">
    <ele>369.9</ele>
   </trkpt>
   <trkpt lat="-33.90126" lon="23.658070000000002">
    <ele>367.77000000000004</ele>
   </trkpt>
   <trkpt lat="-33.90133" lon="23.658350000000002">
    <ele>363.46</ele>
   </trkpt>
   <trkpt lat="-33.90133" lon="23.65856">
    <ele>360.83000000000004</ele>
   </trkpt>
   <trkpt lat="-33.90175" lon="23.65865">
    <ele>352.06000000000006</ele>
   </trkpt>
   <trkpt lat="-33.90189" lon="23.658600000000003">
    <ele>346.27000000000004</ele>
   </trkpt>
   <trkpt lat="-33.9022" lon="23.658350000000002">
    <ele>334.81000000000006</ele>
   </trkpt>
   <trkpt lat="-33.90225" lon="23.658230000000003">
    <ele>334.81000000000006</ele>
   </trkpt>
   <trkpt lat="-33.90238" lon="23.658140000000003">
    <ele>329.69000000000005</ele>
   </trkpt>
   <trkpt lat="-33.90263" lon="23.657850000000003">
    <ele>320.90000000000003</ele>
   </trkpt>
   <trkpt lat="-33.90296" lon="23.657590000000003">
    <ele>308.8</ele>
   </trkpt>
   <trkpt lat="-33.90312" lon="23.65754">
    <ele>306.13</ele>
   </trkpt>
   <trkpt lat="-33.90336" lon="23.65736">
    <ele>301.02</ele>
   </trkpt>
   <trkpt lat="-33.903560000000006" lon="23.657120000000003">
    <ele>293.96</ele>
   </trkpt>
   <trkpt lat="-33.90363" lon="23.65678">
    <ele>288.36</ele>
   </trkpt>
   <trkpt lat="-33.90357" lon="23.656640000000003">
    <ele>284.83000000000004</ele>
   </trkpt>
   <trkpt lat="-33.90352" lon="23.6564">
    <ele>280.59</ele>
   </trkpt>
   <trkpt lat="-33.90352" lon="23.65585">
    <ele>271.79</ele>
   </trkpt>
   <trkpt lat="-33.90348" lon="23.6554">
    <ele>268.68</ele>
   </trkpt>
   <trkpt lat="-33.90345" lon="23.655310000000004">
    <ele>268.40000000000003</ele>
   </trkpt>
   <trkpt lat="-33.90334" lon="23.655310000000004">
    <ele>268.41</ele>
   </trkpt>
   <trkpt lat="-33.90328" lon="23.65527">
    <ele>268.58000000000004</ele>
   </trkpt>
   <trkpt lat="-33.90325" lon="23.65508">
    <ele>268.75000000000006</ele>
   </trkpt>
   <trkpt lat="-33.90325" lon="23.65471">
    <ele>269.97</ele>
   </trkpt>
   <trkpt lat="-33.9033" lon="23.65444">
    <ele>273.79</ele>
   </trkpt>
   <trkpt lat="-33.90341" lon="23.65425">
    <ele>278.27000000000004</ele>
   </trkpt>
   <trkpt lat="-33.90339" lon="23.654110000000003">
    <ele>280.18</ele>
   </trkpt>
   <trkpt lat="-33.90319" lon="23.654000000000003">
    <ele>285.17</ele>
   </trkpt>
   <trkpt lat="-33.90307" lon="23.653840000000002">
    <ele>288.72</ele>
   </trkpt>
   <trkpt lat="-33.90292" lon="23.653830000000003">
    <ele>291.27000000000004</ele>
   </trkpt>
   <trkpt lat="-33.90274" lon="23.653910000000003">
    <ele>295.07</ele>
   </trkpt>
   <trkpt lat="-33.90254" lon="23.65405">
    <ele>298.53000000000003</ele>
   </trkpt>
   <trkpt lat="-33.90247" lon="23.654020000000003">
    <ele>305.04</ele>
   </trkpt>
   <trkpt lat="-33.90263" lon="23.6537">
    <ele>312.57</ele>
   </trkpt>
   <trkpt lat="-33.90263" lon="23.6536">
    <ele>313.64000000000004</ele>
   </trkpt>
   <trkpt lat="-33.90276" lon="23.653380000000002">
    <ele>319.35</ele>
   </trkpt>
   <trkpt lat="-33.90301" lon="23.65321">
    <ele>324.96000000000004</ele>
   </trkpt>
   <trkpt lat="-33.90316" lon="23.653180000000003">
    <ele>327.25000000000006</ele>
   </trkpt>
   <trkpt lat="-33.90404" lon="23.65332">
    <ele>341.0</ele>
   </trkpt>
   <trkpt lat="-33.90422" lon="23.653250000000003">
    <ele>343.51000000000005</ele>
   </trkpt>
   <trkpt lat="-33.905" lon="23.653060000000004">
    <ele>354.57000000000005</ele>
   </trkpt>
   <trkpt lat="-33.90504" lon="23.653000000000002">
    <ele>355.07000000000005</ele>
   </trkpt>
   <trkpt lat="-33.90511" lon="23.652780000000003">
    <ele>357.77000000000004</ele>
   </trkpt>
   <trkpt lat="-33.90511" lon="23.65258">
    <ele>358.98</ele>
   </trkpt>
   <trkpt lat="-33.905" lon="23.65211">
    <ele>361.24</ele>
   </trkpt>
   <trkpt lat="-33.905010000000004" lon="23.65217">
    <ele>361.03000000000003</ele>
   </trkpt>
   <trkpt lat="-33.90489" lon="23.651690000000002">
    <ele>360.49</ele>
   </trkpt>
   <trkpt lat="-33.90457" lon="23.65144">
    <ele>359.85</ele>
   </trkpt>
   <trkpt lat="-33.90455" lon="23.651380000000003">
    <ele>359.98</ele>
   </trkpt>
   <trkpt lat="-33.90439" lon="23.651290000000003">
    <ele>361.42</ele>
   </trkpt>
   <trkpt lat="-33.90417" lon="23.651030000000002">
    <ele>365.00000000000006</ele>
   </trkpt>
   <trkpt lat="-33.90406" lon="23.65086">
    <ele>367.69</ele>
   </trkpt>
   <trkpt lat="-33.9039" lon="23.650440000000003">
    <ele>369.53000000000003</ele>
   </trkpt>
   <trkpt lat="-33.90375" lon="23.65041">
    <ele>370.14000000000004</ele>
   </trkpt>
   <trkpt lat="-33.90357" lon="23.650250000000003">
    <ele>372.14000000000004</ele>
   </trkpt>
   <trkpt lat="-33.90339" lon="23.649990000000003">
    <ele>374.00000000000006</ele>
   </trkpt>
   <trkpt lat="-33.90287" lon="23.64945">
    <ele>379.36</ele>
   </trkpt>
   <trkpt lat="-33.90256000077728" lon="23.649044998677127">
    <ele>384.44</ele>
   </trkpt>
   <trkpt lat="-33.90225" lon="23.64864">
    <ele>389.63</ele>
   </trkpt>
   <trkpt lat="-33.9016" lon="23.648020000000002">
    <ele>398.88</ele>
   </trkpt>
   <trkpt lat="-33.90151" lon="23.647810000000003">
    <ele>399.71</ele>
   </trkpt>
   <trkpt lat="-33.90153" lon="23.647060000000003">
    <ele>401.29</ele>
   </trkpt>
   <trkpt lat="-33.90142" lon="23.646710000000002">
    <ele>405.29</ele>
   </trkpt>
   <trkpt lat="-33.90139" lon="23.646440000000002">
    <ele>407.41</ele>
   </trkpt>
   <trkpt lat="-33.90128" lon="23.645960000000002">
    <ele>410.84000000000003</ele>
   </trkpt>
   <trkpt lat="-33.90119" lon="23.6459">
    <ele>413.61</ele>
   </trkpt>
   <trkpt lat="-33.9011" lon="23.64563">
    <ele>415.49</ele>
   </trkpt>
   <trkpt lat="-33.9009" lon="23.64524">
    <ele>421.96000000000004</ele>
   </trkpt>
   <trkpt lat="-33.90079" lon="23.64469">
    <ele>427.50000000000006</ele>
   </trkpt>
   <trkpt lat="-33.90048" lon="23.643880000000003">
    <ele>437.47</ele>
   </trkpt>
   <trkpt lat="-33.90063500121687" lon="23.643335000931284">
    <ele>434.9</ele>
   </trkpt>
   <trkpt lat="-33.90079" lon="23.64279">
    <ele>432.91</ele>
   </trkpt>
   <trkpt lat="-33.90086" lon="23.64233">
    <ele>433.09000000000003</ele>
   </trkpt>
   <trkpt lat="-33.90088" lon="23.64204">
    <ele>433.00000000000006</ele>
   </trkpt>
   <trkpt lat="-33.90101" lon="23.6417">
    <ele>430.42</ele>
   </trkpt>
   <trkpt lat="-33.90119" lon="23.641560000000002">
    <ele>427.55</ele>
   </trkpt>
   <trkpt lat="-33.90122" lon="23.64158">
    <ele>427.55</ele>
   </trkpt>
   <trkpt lat="-33.90131" lon="23.64157">
    <ele>424.90000000000003</ele>
   </trkpt>
   <trkpt lat="-33.9016" lon="23.641250000000003">
    <ele>419.36</ele>
   </trkpt>
   <trkpt lat="-33.90171" lon="23.64103">
    <ele>417.77000000000004</ele>
   </trkpt>
   <trkpt lat="-33.9018" lon="23.640700000000002">
    <ele>416.31</ele>
   </trkpt>
   <trkpt lat="-33.90195" lon="23.64044">
    <ele>413.93</ele>
   </trkpt>
   <trkpt lat="-33.902350000000006" lon="23.64">
    <ele>409.67</ele>
   </trkpt>
   <trkpt lat="-33.90249" lon="23.63971">
    <ele>407.67</ele>
   </trkpt>
   <trkpt lat="-33.90256" lon="23.639380000000003">
    <ele>407.14000000000004</ele>
   </trkpt>
   <trkpt lat="-33.90258" lon="23.639110000000002">
    <ele>407.77000000000004</ele>
   </trkpt>
   <trkpt lat="-33.90254" lon="23.638890000000004">
    <ele>408.49</ele>
   </trkpt>
   <trkpt lat="-33.90254" lon="23.638560000000002">
    <ele>408.74000000000007</ele>
   </trkpt>
   <trkpt lat="-33.90265" lon="23.637900000000002">
    <ele>406.98</ele>
   </trkpt>
   <trkpt lat="-33.90272" lon="23.637690000000003">
    <ele>406.21</ele>
   </trkpt>
   <trkpt lat="-33.90294" lon="23.63754">
    <ele>404.91</ele>
   </trkpt>
   <trkpt lat="-33.90325" lon="23.63706">
    <ele>399.59000000000003</ele>
   </trkpt>
   <trkpt lat="-33.90343" lon="23.636930000000003">
    <ele>398.68</ele>
   </trkpt>
   <trkpt lat="-33.90354" lon="23.63682">
    <ele>398.26000000000005</ele>
   </trkpt>
   <trkpt lat="-33.90375" lon="23.636740000000003">
    <ele>397.05</ele>
   </trkpt>
   <trkpt lat="-33.90426" lon="23.63669">
    <ele>392.51</ele>
   </trkpt>
   <trkpt lat="-33.90444" lon="23.636760000000002">
    <ele>390.07</ele>
   </trkpt>
   <trkpt lat="-33.90469" lon="23.63682">
    <ele>386.32000000000005</ele>
   </trkpt>
   <trkpt lat="-33.90489" lon="23.63681">
    <ele>383.29</ele>
   </trkpt>
   <trkpt lat="-33.90502" lon="23.63671">
    <ele>378.71000000000004</ele>
   </trkpt>
   <trkpt lat="-33.90513" lon="23.6367">
    <ele>378.71000000000004</ele>
   </trkpt>
   <trkpt lat="-33.90529" lon="23.636750000000003">
    <ele>374.28000000000003</ele>
   </trkpt>
   <trkpt lat="-33.9054" lon="23.636760000000002">
    <ele>372.35</ele>
   </trkpt>
   <trkpt lat="-33.90554" lon="23.63681">
    <ele>368.97</ele>
   </trkpt>
   <trkpt lat="-33.90563" lon="23.636740000000003">
    <ele>365.29</ele>
   </trkpt>
   <trkpt lat="-33.90563" lon="23.6366">
    <ele>362.15000000000003</ele>
   </trkpt>
   <trkpt lat="-33.90558" lon="23.63644">
    <ele>358.38000000000005</ele>
   </trkpt>
   <trkpt lat="-33.90567" lon="23.63642">
    <ele>357.37</ele>
   </trkpt>
   <trkpt lat="-33.90583" lon="23.63651">
    <ele>350.99</ele>
   </trkpt>
   <trkpt lat="-33.90589" lon="23.63613">
    <ele>344.41</ele>
   </trkpt>
   <trkpt lat="-33.90598" lon="23.636100000000003">
    <ele>339.97</ele>
   </trkpt>
   <trkpt lat="-33.90612" lon="23.635980000000004">
    <ele>332.01000000000005</ele>
   </trkpt>
   <trkpt lat="-33.90632" lon="23.63595">
    <ele>326.41</ele>
   </trkpt>
   <trkpt lat="-33.90639" lon="23.63595">
    <ele>325.17</ele>
   </trkpt>
   <trkpt lat="-33.90648" lon="23.636010000000002">
    <ele>322.97</ele>
   </trkpt>
   <trkpt lat="-33.90648" lon="23.636210000000002">
    <ele>320.32000000000005</ele>
   </trkpt>
   <trkpt lat="-33.90645" lon="23.63643">
    <ele>321.15000000000003</ele>
   </trkpt>
   <trkpt lat="-33.9065" lon="23.636560000000003">
    <ele>321.68</ele>
   </trkpt>
   <trkpt lat="-33.90666" lon="23.63661">
    <ele>320.47</ele>
   </trkpt>
   <trkpt lat="-33.90697" lon="23.636490000000002">
    <ele>314.59000000000003</ele>
   </trkpt>
   <trkpt lat="-33.90704" lon="23.63624">
    <ele>312.41</ele>
   </trkpt>
   <trkpt lat="-33.90724" lon="23.636200000000002">
    <ele>312.4</ele>
   </trkpt>
   <trkpt lat="-33.90724" lon="23.63641">
    <ele>313.92</ele>
   </trkpt>
   <trkpt lat="-33.90748" lon="23.636550000000003">
    <ele>318.34000000000003</ele>
   </trkpt>
   <trkpt lat="-33.90782" lon="23.63642">
    <ele>324.70000000000005</ele>
   </trkpt>
   <trkpt lat="-33.90807" lon="23.63635">
    <ele>332.52000000000004</ele>
   </trkpt>
   <trkpt lat="-33.90824" lon="23.636360000000003">
    <ele>335.77</ele>
   </trkpt>
   <trkpt lat="-33.90847" lon="23.63644">
    <ele>341.44</ele>
   </trkpt>
   <trkpt lat="-33.90867" lon="23.63661">
    <ele>344.93</ele>
   </trkpt>
   <trkpt lat="-33.90869" lon="23.63671">
    <ele>345.66</ele>
   </trkpt>
   <trkpt lat="-33.90892" lon="23.636870000000002">
    <ele>352.39000000000004</ele>
   </trkpt>
   <trkpt lat="-33.9091" lon="23.63669">
    <ele>356.15000000000003</ele>
   </trkpt>
   <trkpt lat="-33.90927" lon="23.63613">
    <ele>363.99</ele>
   </trkpt>
   <trkpt lat="-33.90941" lon="23.63584">
    <ele>370.1</ele>
   </trkpt>
   <trkpt lat="-33.90968" lon="23.635910000000003">
    <ele>373.8</ele>
   </trkpt>
   <trkpt lat="-33.91028" lon="23.63577">
    <ele>376.51</ele>
   </trkpt>
   <trkpt lat="-33.91084" lon="23.635510000000004">
    <ele>376.26000000000005</ele>
   </trkpt>
   <trkpt lat="-33.91095" lon="23.635360000000002">
    <ele>375.95</ele>
   </trkpt>
   <trkpt lat="-33.91107" lon="23.63528">
    <ele>375.94000000000005</ele>
   </trkpt>
   <trkpt lat="-33.9114" lon="23.63501">
    <ele>375.25</ele>
   </trkpt>
   <trkpt lat="-33.91151" lon="23.63473">
    <ele>373.70000000000005</ele>
   </trkpt>
   <trkpt lat="-33.91171" lon="23.63437">
    <ele>369.28000000000003</ele>
   </trkpt>
   <trkpt lat="-33.91205" lon="23.63397">
    <ele>373.89000000000004</ele>
   </trkpt>
   <trkpt lat="-33.91216" lon="23.633930000000003">
    <ele>375.59000000000003</ele>
   </trkpt>
   <trkpt lat="-33.91245" lon="23.634040000000002">
    <ele>379.01</ele>
   </trkpt>
   <trkpt lat="-33.91257" lon="23.634040000000002">
    <ele>381.12</ele>
   </trkpt>
   <trkpt lat="-33.91297" lon="23.63427">
    <ele>391.46000000000004</ele>
   </trkpt>
   <trkpt lat="-33.913474999974106" lon="23.634304999790466">
    <ele>403.11</ele>
   </trkpt>
   <trkpt lat="-33.91398" lon="23.63434">
    <ele>411.18000000000006</ele>
   </trkpt>
   <trkpt lat="-33.91413" lon="23.63427">
    <ele>411.55</ele>
   </trkpt>
   <trkpt lat="-33.91427" lon="23.634140000000002">
    <ele>409.71000000000004</ele>
   </trkpt>
   <trkpt lat="-33.91433" lon="23.634110000000003">
    <ele>408.84000000000003</ele>
   </trkpt>
   <trkpt lat="-33.91449" lon="23.63409">
    <ele>404.45000000000005</ele>
   </trkpt>
   <trkpt lat="-33.9146" lon="23.634140000000002">
    <ele>399.34000000000003</ele>
   </trkpt>
   <trkpt lat="-33.91483" lon="23.63418">
    <ele>395.84000000000003</ele>
   </trkpt>
   <trkpt lat="-33.91501" lon="23.63427">
    <ele>389.59000000000003</ele>
   </trkpt>
   <trkpt lat="-33.91503" lon="23.63434">
    <ele>389.59000000000003</ele>
   </trkpt>
   <trkpt lat="-33.91521" lon="23.634490000000003">
    <ele>385.72</ele>
   </trkpt>
   <trkpt lat="-33.91565" lon="23.63483">
    <ele>375.35</ele>
   </trkpt>
   <trkpt lat="-33.91579" lon="23.63513">
    <ele>371.25</ele>
   </trkpt>
   <trkpt lat="-33.91592" lon="23.635360000000002">
    <ele>367.58</ele>
   </trkpt>
   <trkpt lat="-33.915980000000005" lon="23.63569">
    <ele>366.51</ele>
   </trkpt>
   <trkpt lat="-33.916000000000004" lon="23.63575">
    <ele>366.02</ele>
   </trkpt>
   <trkpt lat="-33.91603" lon="23.63585">
    <ele>365.66</ele>
   </trkpt>
   <trkpt lat="-33.91601" lon="23.636100000000003">
    <ele>363.45000000000005</ele>
   </trkpt>
   <trkpt lat="-33.91637" lon="23.636450000000004">
    <ele>354.3</ele>
   </trkpt>
   <trkpt lat="-33.91646" lon="23.63663">
    <ele>351.45000000000005</ele>
   </trkpt>
   <trkpt lat="-33.91642" lon="23.637040000000002">
    <ele>343.89000000000004</ele>
   </trkpt>
   <trkpt lat="-33.91673" lon="23.63766">
    <ele>332.67</ele>
   </trkpt>
   <trkpt lat="-33.9168" lon="23.63804">
    <ele>327.54</ele>
   </trkpt>
   <trkpt lat="-33.917" lon="23.638450000000002">
    <ele>314.37</ele>
   </trkpt>
   <trkpt lat="-33.91706" lon="23.638700000000004">
    <ele>309.52000000000004</ele>
   </trkpt>
   <trkpt lat="-33.91727" lon="23.63894">
    <ele>304.19</ele>
   </trkpt>
   <trkpt lat="-33.91742" lon="23.639200000000002">
    <ele>299.77000000000004</ele>
   </trkpt>
   <trkpt lat="-33.91747" lon="23.639190000000003">
    <ele>295.81</ele>
   </trkpt>
   <trkpt lat="-33.91756" lon="23.63877">
    <ele>290.43</ele>
   </trkpt>
   <trkpt lat="-33.91787" lon="23.6382">
    <ele>303.34</ele>
   </trkpt>
   <trkpt lat="-33.91805" lon="23.638090000000002">
    <ele>312.14000000000004</ele>
   </trkpt>
   <trkpt lat="-33.91832" lon="23.638080000000002">
    <ele>321.42</ele>
   </trkpt>
   <trkpt lat="-33.91847" lon="23.638180000000002">
    <ele>326.67</ele>
   </trkpt>
   <trkpt lat="-33.91854" lon="23.638180000000002">
    <ele>328.54</ele>
   </trkpt>
   <trkpt lat="-33.91861" lon="23.6381">
    <ele>330.0</ele>
   </trkpt>
   <trkpt lat="-33.91856" lon="23.637970000000003">
    <ele>330.69000000000005</ele>
   </trkpt>
   <trkpt lat="-33.91856" lon="23.637760000000004">
    <ele>331.68</ele>
   </trkpt>
   <trkpt lat="-33.91863" lon="23.63745">
    <ele>334.41</ele>
   </trkpt>
   <trkpt lat="-33.91874" lon="23.63719">
    <ele>335.99</ele>
   </trkpt>
   <trkpt lat="-33.91874" lon="23.637130000000003">
    <ele>336.70000000000005</ele>
   </trkpt>
   <trkpt lat="-33.91866500162267" lon="23.636489999159338">
    <ele>339.4200000000001</ele>
   </trkpt>
   <trkpt lat="-33.91859" lon="23.63585">
    <ele>343.47</ele>
   </trkpt>
   <trkpt lat="-33.91859" lon="23.63539">
    <ele>345.41</ele>
   </trkpt>
   <trkpt lat="-33.91872" lon="23.635">
    <ele>346.84000000000003</ele>
   </trkpt>
   <trkpt lat="-33.91906" lon="23.634320000000002">
    <ele>352.15000000000003</ele>
   </trkpt>
   <trkpt lat="-33.91921" lon="23.633930000000003">
    <ele>357.00000000000006</ele>
   </trkpt>
   <trkpt lat="-33.91924" lon="23.63372">
    <ele>358.31</ele>
   </trkpt>
   <trkpt lat="-33.91924" lon="23.63334">
    <ele>362.19</ele>
   </trkpt>
   <trkpt lat="-33.91928" lon="23.63296">
    <ele>364.72</ele>
   </trkpt>
   <trkpt lat="-33.91933" lon="23.632820000000002">
    <ele>365.84000000000003</ele>
   </trkpt>
   <trkpt lat="-33.91946" lon="23.63267">
    <ele>369.01</ele>
   </trkpt>
   <trkpt lat="-33.91964" lon="23.632640000000002">
    <ele>370.25</ele>
   </trkpt>
   <trkpt lat="-33.920130000804924" lon="23.633109997212813">
    <ele>366.99</ele>
   </trkpt>
   <trkpt lat="-33.92062" lon="23.633580000000002">
    <ele>364.56000000000006</ele>
   </trkpt>
   <trkpt lat="-33.92129500181207" lon="23.634274994349603">
    <ele>359.07000000000005</ele>
   </trkpt>
   <trkpt lat="-33.92197" lon="23.634970000000003">
    <ele>352.52000000000004</ele>
   </trkpt>
   <trkpt lat="-33.92244" lon="23.635650000000002">
    <ele>346.43</ele>
   </trkpt>
   <trkpt lat="-33.923" lon="23.636380000000003">
    <ele>341.99</ele>
   </trkpt>
   <trkpt lat="-33.92338" lon="23.63672">
    <ele>343.08000000000004</ele>
   </trkpt>
   <trkpt lat="-33.92398" lon="23.637010000000004">
    <ele>346.44</ele>
   </trkpt>
   <trkpt lat="-33.9247850003408" lon="23.637244997813596">
    <ele>345.19000000000005</ele>
   </trkpt>
   <trkpt lat="-33.92559" lon="23.637480000000004">
    <ele>343.22</ele>
   </trkpt>
   <trkpt lat="-33.92564" lon="23.637210000000003">
    <ele>345.27000000000004</ele>
   </trkpt>
   <trkpt lat="-33.92566" lon="23.6365">
    <ele>348.15000000000003</ele>
   </trkpt>
   <trkpt lat="-33.92559" lon="23.63632">
    <ele>349.61</ele>
   </trkpt>
   <trkpt lat="-33.92560500168232" lon="23.63567500006998">
    <ele>353.03000000000003</ele>
   </trkpt>
   <trkpt lat="-33.92562" lon="23.63503">
    <ele>353.61</ele>
   </trkpt>
   <trkpt lat="-33.92568500161922" lon="23.634400000333304">
    <ele>356.77000000000004</ele>
   </trkpt>
   <trkpt lat="-33.92575" lon="23.633770000000002">
    <ele>361.98</ele>
   </trkpt>
   <trkpt lat="-33.925760000000004" lon="23.6337">
    <ele>362.47</ele>
   </trkpt>
   <trkpt lat="-33.92579" lon="23.633350000000004">
    <ele>364.94000000000005</ele>
   </trkpt>
   <trkpt lat="-33.926" lon="23.6323">
    <ele>369.53000000000003</ele>
   </trkpt>
   <trkpt lat="-33.92602" lon="23.63147">
    <ele>373.13</ele>
   </trkpt>
   <trkpt lat="-33.92615" lon="23.631410000000002">
    <ele>373.06000000000006</ele>
   </trkpt>
   <trkpt lat="-33.9264" lon="23.631600000000002">
    <ele>372.00000000000006</ele>
   </trkpt>
   <trkpt lat="-33.92667" lon="23.63163">
    <ele>371.9</ele>
   </trkpt>
   <trkpt lat="-33.92682" lon="23.63162">
    <ele>372.36</ele>
   </trkpt>
   <trkpt lat="-33.927" lon="23.631520000000002">
    <ele>372.48</ele>
   </trkpt>
   <trkpt lat="-33.92723" lon="23.631190000000004">
    <ele>372.53000000000003</ele>
   </trkpt>
   <trkpt lat="-33.92747" lon="23.630670000000002">
    <ele>372.66</ele>
   </trkpt>
   <trkpt lat="-33.92759" lon="23.630010000000002">
    <ele>370.09000000000003</ele>
   </trkpt>
   <trkpt lat="-33.92761" lon="23.62966">
    <ele>366.55</ele>
   </trkpt>
   <trkpt lat="-33.92756" lon="23.62912">
    <ele>361.69</ele>
   </trkpt>
   <trkpt lat="-33.92763" lon="23.629">
    <ele>361.65000000000003</ele>
   </trkpt>
   <trkpt lat="-33.92768" lon="23.62901">
    <ele>361.77000000000004</ele>
   </trkpt>
   <trkpt lat="-33.92779" lon="23.628960000000003">
    <ele>363.73</ele>
   </trkpt>
   <trkpt lat="-33.92794" lon="23.628950000000003">
    <ele>367.57</ele>
   </trkpt>
   <trkpt lat="-33.92808" lon="23.628870000000003">
    <ele>369.82000000000005</ele>
   </trkpt>
   <trkpt lat="-33.92826" lon="23.62882">
    <ele>372.49</ele>
   </trkpt>
   <trkpt lat="-33.92844" lon="23.62893">
    <ele>372.87</ele>
   </trkpt>
   <trkpt lat="-33.92862" lon="23.6293">
    <ele>368.32000000000005</ele>
   </trkpt>
   <trkpt lat="-33.92873" lon="23.629320000000003">
    <ele>367.52</ele>
   </trkpt>
   <trkpt lat="-33.92877" lon="23.629450000000002">
    <ele>366.55</ele>
   </trkpt>
   <trkpt lat="-33.92915" lon="23.62949">
    <ele>366.42</ele>
   </trkpt>
   <trkpt lat="-33.92935" lon="23.629350000000002">
    <ele>364.98</ele>
   </trkpt>
   <trkpt lat="-33.92953" lon="23.629320000000003">
    <ele>363.09000000000003</ele>
   </trkpt>
   <trkpt lat="-33.92971" lon="23.629550000000002">
    <ele>359.6</ele>
   </trkpt>
   <trkpt lat="-33.92987" lon="23.62958">
    <ele>358.85</ele>
   </trkpt>
   <trkpt lat="-33.92996" lon="23.62968">
    <ele>358.27000000000004</ele>
   </trkpt>
   <trkpt lat="-33.92996" lon="23.62993">
    <ele>355.3</ele>
   </trkpt>
   <trkpt lat="-33.93005" lon="23.630010000000002">
    <ele>354.13000000000005</ele>
   </trkpt>
   <trkpt lat="-33.93034" lon="23.630460000000003">
    <ele>350.82</ele>
   </trkpt>
   <trkpt lat="-33.93065" lon="23.63087">
    <ele>348.76</ele>
   </trkpt>
   <trkpt lat="-33.93101" lon="23.63145">
    <ele>345.40000000000003</ele>
   </trkpt>
   <trkpt lat="-33.93121" lon="23.631680000000003">
    <ele>344.51000000000005</ele>
   </trkpt>
   <trkpt lat="-33.93141" lon="23.63182">
    <ele>343.33000000000004</ele>
   </trkpt>
   <trkpt lat="-33.93153" lon="23.63194">
    <ele>342.11</ele>
   </trkpt>
   <trkpt lat="-33.93153" lon="23.632060000000003">
    <ele>340.94</ele>
   </trkpt>
   <trkpt lat="-33.93166" lon="23.63238">
    <ele>339.14000000000004</ele>
   </trkpt>
   <trkpt lat="-33.93179" lon="23.63258">
    <ele>338.85</ele>
   </trkpt>
   <trkpt lat="-33.93206" lon="23.63265">
    <ele>339.15</ele>
   </trkpt>
   <trkpt lat="-33.93224" lon="23.632550000000002">
    <ele>339.88</ele>
   </trkpt>
   <trkpt lat="-33.93233" lon="23.632440000000003">
    <ele>339.43</ele>
   </trkpt>
   <trkpt lat="-33.93256" lon="23.632360000000002">
    <ele>336.04</ele>
   </trkpt>
   <trkpt lat="-33.93264" lon="23.63228">
    <ele>334.58000000000004</ele>
   </trkpt>
   <trkpt lat="-33.93276" lon="23.6321">
    <ele>330.67</ele>
   </trkpt>
   <trkpt lat="-33.93289" lon="23.63212">
    <ele>325.08000000000004</ele>
   </trkpt>
   <trkpt lat="-33.93298" lon="23.632070000000002">
    <ele>323.82000000000005</ele>
   </trkpt>
   <trkpt lat="-33.93305" lon="23.631970000000003">
    <ele>321.8</ele>
   </trkpt>
   <trkpt lat="-33.93312" lon="23.630930000000003">
    <ele>309.08000000000004</ele>
   </trkpt>
   <trkpt lat="-33.93307" lon="23.63041">
    <ele>305.35</ele>
   </trkpt>
   <trkpt lat="-33.933" lon="23.63006">
    <ele>309.00000000000006</ele>
   </trkpt>
   <trkpt lat="-33.93291" lon="23.629920000000002">
    <ele>312.03000000000003</ele>
   </trkpt>
   <trkpt lat="-33.93264" lon="23.629160000000002">
    <ele>322.47</ele>
   </trkpt>
   <trkpt lat="-33.93263" lon="23.628960000000003">
    <ele>324.77</ele>
   </trkpt>
   <trkpt lat="-33.93263" lon="23.628890000000002">
    <ele>325.61</ele>
   </trkpt>
   <trkpt lat="-33.93271" lon="23.628030000000003">
    <ele>335.07000000000005</ele>
   </trkpt>
   <trkpt lat="-33.93271" lon="23.627460000000003">
    <ele>336.12</ele>
   </trkpt>
   <trkpt lat="-33.93267" lon="23.62685">
    <ele>334.01000000000005</ele>
   </trkpt>
   <trkpt lat="-33.93267" lon="23.625790000000002">
    <ele>335.96000000000004</ele>
   </trkpt>
   <trkpt lat="-33.93264" lon="23.625280000000004">
    <ele>340.0</ele>
   </trkpt>
   <trkpt lat="-33.93247" lon="23.624370000000003">
    <ele>349.49</ele>
   </trkpt>
   <trkpt lat="-33.93247" lon="23.624090000000002">
    <ele>350.91</ele>
   </trkpt>
   <trkpt lat="-33.932410000000004" lon="23.623820000000002">
    <ele>353.15000000000003</ele>
   </trkpt>
   <trkpt lat="-33.932390000000005" lon="23.62377">
    <ele>353.7</ele>
   </trkpt>
   <trkpt lat="-33.93222" lon="23.623410000000003">
    <ele>357.07000000000005</ele>
   </trkpt>
   <trkpt lat="-33.93191" lon="23.62283">
    <ele>364.49</ele>
   </trkpt>
   <trkpt lat="-33.93141" lon="23.622280000000003">
    <ele>371.42</ele>
   </trkpt>
   <trkpt lat="-33.93121" lon="23.62199">
    <ele>373.62</ele>
   </trkpt>
   <trkpt lat="-33.93121" lon="23.62188">
    <ele>373.62</ele>
   </trkpt>
   <trkpt lat="-33.93128" lon="23.62168">
    <ele>374.92</ele>
   </trkpt>
   <trkpt lat="-33.93141" lon="23.621550000000003">
    <ele>375.00000000000006</ele>
   </trkpt>
   <trkpt lat="-33.93144" lon="23.6212">
    <ele>372.99</ele>
   </trkpt>
   <trkpt lat="-33.93141" lon="23.620610000000003">
    <ele>368.62</ele>
   </trkpt>
   <trkpt lat="-33.93137" lon="23.620420000000003">
    <ele>365.1</ele>
   </trkpt>
   <trkpt lat="-33.93135" lon="23.6202">
    <ele>364.13</ele>
   </trkpt>
   <trkpt lat="-33.93132" lon="23.62018">
    <ele>363.7</ele>
   </trkpt>
   <trkpt lat="-33.93128" lon="23.619970000000002">
    <ele>362.33000000000004</ele>
   </trkpt>
   <trkpt lat="-33.93126" lon="23.619930000000004">
    <ele>362.06000000000006</ele>
   </trkpt>
   <trkpt lat="-33.9311" lon="23.619010000000003">
    <ele>358.58</ele>
   </trkpt>
   <trkpt lat="-33.93106" lon="23.618340000000003">
    <ele>351.53000000000003</ele>
   </trkpt>
   <trkpt lat="-33.93112" lon="23.617520000000003">
    <ele>344.24000000000007</ele>
   </trkpt>
   <trkpt lat="-33.93115" lon="23.616660000000003">
    <ele>335.27</ele>
   </trkpt>
   <trkpt lat="-33.93094" lon="23.61606">
    <ele>331.88</ele>
   </trkpt>
   <trkpt lat="-33.9307" lon="23.615720000000003">
    <ele>332.65</ele>
   </trkpt>
   <trkpt lat="-33.93036" lon="23.61541">
    <ele>332.86</ele>
   </trkpt>
   <trkpt lat="-33.93023" lon="23.61532">
    <ele>332.86</ele>
   </trkpt>
   <trkpt lat="-33.93007" lon="23.615280000000002">
    <ele>332.74</ele>
   </trkpt>
   <trkpt lat="-33.92967" lon="23.61529">
    <ele>332.33</ele>
   </trkpt>
   <trkpt lat="-33.92931" lon="23.61567">
    <ele>335.91</ele>
   </trkpt>
   <trkpt lat="-33.92915" lon="23.616190000000003">
    <ele>338.55</ele>
   </trkpt>
   <trkpt lat="-33.929" lon="23.61625">
    <ele>339.38</ele>
   </trkpt>
   <trkpt lat="-33.92853" lon="23.6155">
    <ele>342.6</ele>
   </trkpt>
   <trkpt lat="-33.92815" lon="23.615160000000003">
    <ele>344.41</ele>
   </trkpt>
   <trkpt lat="-33.92806" lon="23.61503">
    <ele>345.36000000000007</ele>
   </trkpt>
   <trkpt lat="-33.92801" lon="23.614910000000002">
    <ele>347.26</ele>
   </trkpt>
   <trkpt lat="-33.92801" lon="23.614710000000002">
    <ele>352.39000000000004</ele>
   </trkpt>
   <trkpt lat="-33.92806" lon="23.61455">
    <ele>355.29</ele>
   </trkpt>
   <trkpt lat="-33.92815" lon="23.61438">
    <ele>355.86</ele>
   </trkpt>
   <trkpt lat="-33.92824" lon="23.614310000000003">
    <ele>355.67</ele>
   </trkpt>
   <trkpt lat="-33.92832" lon="23.61418">
    <ele>354.40000000000003</ele>
   </trkpt>
   <trkpt lat="-33.92844" lon="23.6141">
    <ele>352.72</ele>
   </trkpt>
   <trkpt lat="-33.92848" lon="23.613940000000003">
    <ele>349.63000000000005</ele>
   </trkpt>
   <trkpt lat="-33.92855" lon="23.613830000000004">
    <ele>349.63000000000005</ele>
   </trkpt>
   <trkpt lat="-33.92866" lon="23.613500000000002">
    <ele>343.45000000000005</ele>
   </trkpt>
   <trkpt lat="-33.92893" lon="23.613080000000004">
    <ele>334.05</ele>
   </trkpt>
   <trkpt lat="-33.92897" lon="23.61297">
    <ele>332.05</ele>
   </trkpt>
   <trkpt lat="-33.92897" lon="23.61289">
    <ele>330.23</ele>
   </trkpt>
   <trkpt lat="-33.929" lon="23.61276">
    <ele>328.57000000000005</ele>
   </trkpt>
   <trkpt lat="-33.929" lon="23.61259">
    <ele>324.11</ele>
   </trkpt>
   <trkpt lat="-33.92904" lon="23.612250000000003">
    <ele>319.82000000000005</ele>
   </trkpt>
   <trkpt lat="-33.92911" lon="23.612160000000003">
    <ele>319.02000000000004</ele>
   </trkpt>
   <trkpt lat="-33.92911" lon="23.612090000000002">
    <ele>315.95</ele>
   </trkpt>
   <trkpt lat="-33.92915" lon="23.611980000000003">
    <ele>315.95</ele>
   </trkpt>
   <trkpt lat="-33.92926" lon="23.61182">
    <ele>314.74</ele>
   </trkpt>
   <trkpt lat="-33.92931" lon="23.611690000000003">
    <ele>315.37</ele>
   </trkpt>
   <trkpt lat="-33.92922" lon="23.611330000000002">
    <ele>317.26000000000005</ele>
   </trkpt>
   <trkpt lat="-33.92888" lon="23.61091">
    <ele>315.83</ele>
   </trkpt>
   <trkpt lat="-33.92929" lon="23.61091">
    <ele>313.1</ele>
   </trkpt>
   <trkpt lat="-33.92938" lon="23.610940000000003">
    <ele>313.23</ele>
   </trkpt>
   <trkpt lat="-33.92951" lon="23.61109">
    <ele>314.39</ele>
   </trkpt>
   <trkpt lat="-33.92956" lon="23.61109">
    <ele>314.39</ele>
   </trkpt>
   <trkpt lat="-33.92962" lon="23.61118">
    <ele>314.86</ele>
   </trkpt>
   <trkpt lat="-33.92969" lon="23.61138">
    <ele>316.96000000000004</ele>
   </trkpt>
   <trkpt lat="-33.92976" lon="23.61144">
    <ele>318.54</ele>
   </trkpt>
   <trkpt lat="-33.92976" lon="23.611510000000003">
    <ele>319.28000000000003</ele>
   </trkpt>
   <trkpt lat="-33.9298" lon="23.61148">
    <ele>319.96000000000004</ele>
   </trkpt>
   <trkpt lat="-33.92987" lon="23.611240000000002">
    <ele>322.48</ele>
   </trkpt>
   <trkpt lat="-33.9298" lon="23.610930000000003">
    <ele>327.12</ele>
   </trkpt>
   <trkpt lat="-33.92978" lon="23.61035">
    <ele>331.01000000000005</ele>
   </trkpt>
   <trkpt lat="-33.92982" lon="23.610120000000002">
    <ele>331.92</ele>
   </trkpt>
   <trkpt lat="-33.92998" lon="23.60959">
    <ele>330.27</ele>
   </trkpt>
   <trkpt lat="-33.93" lon="23.609270000000002">
    <ele>326.53000000000003</ele>
   </trkpt>
   <trkpt lat="-33.92985" lon="23.608330000000002">
    <ele>327.08000000000004</ele>
   </trkpt>
   <trkpt lat="-33.92991" lon="23.60797">
    <ele>323.64000000000004</ele>
   </trkpt>
   <trkpt lat="-33.92998" lon="23.607850000000003">
    <ele>320.41</ele>
   </trkpt>
   <trkpt lat="-33.93007" lon="23.607570000000003">
    <ele>314.0</ele>
   </trkpt>
   <trkpt lat="-33.93016" lon="23.6075">
    <ele>311.77000000000004</ele>
   </trkpt>
   <trkpt lat="-33.93018" lon="23.60742">
    <ele>310.73</ele>
   </trkpt>
   <trkpt lat="-33.93025" lon="23.607280000000003">
    <ele>308.08000000000004</ele>
   </trkpt>
   <trkpt lat="-33.93052" lon="23.60696">
    <ele>303.1</ele>
   </trkpt>
   <trkpt lat="-33.93063" lon="23.60678">
    <ele>302.17</ele>
   </trkpt>
   <trkpt lat="-33.93108" lon="23.60678">
    <ele>299.9</ele>
   </trkpt>
   <trkpt lat="-33.93128" lon="23.60685">
    <ele>297.24</ele>
   </trkpt>
   <trkpt lat="-33.93164" lon="23.60703">
    <ele>293.03000000000003</ele>
   </trkpt>
   <trkpt lat="-33.93186" lon="23.60706">
    <ele>291.00000000000006</ele>
   </trkpt>
   <trkpt lat="-33.93195" lon="23.606990000000003">
    <ele>290.66</ele>
   </trkpt>
   <trkpt lat="-33.93217" lon="23.606930000000002">
    <ele>289.73</ele>
   </trkpt>
   <trkpt lat="-33.93224" lon="23.60675">
    <ele>290.05</ele>
   </trkpt>
   <trkpt lat="-33.93224" lon="23.60658">
    <ele>290.78000000000003</ele>
   </trkpt>
   <trkpt lat="-33.93204" lon="23.6062">
    <ele>294.51000000000005</ele>
   </trkpt>
   <trkpt lat="-33.932" lon="23.605900000000002">
    <ele>296.68</ele>
   </trkpt>
   <trkpt lat="-33.93209" lon="23.60566">
    <ele>298.08</ele>
   </trkpt>
   <trkpt lat="-33.93215" lon="23.605590000000003">
    <ele>298.32000000000005</ele>
   </trkpt>
   <trkpt lat="-33.93222" lon="23.605420000000002">
    <ele>298.84000000000003</ele>
   </trkpt>
   <trkpt lat="-33.93273" lon="23.604920000000003">
    <ele>297.69</ele>
   </trkpt>
   <trkpt lat="-33.93298" lon="23.604770000000002">
    <ele>295.75</ele>
   </trkpt>
   <trkpt lat="-33.93327" lon="23.604840000000003">
    <ele>293.83000000000004</ele>
   </trkpt>
   <trkpt lat="-33.93365" lon="23.604650000000003">
    <ele>289.93</ele>
   </trkpt>
   <trkpt lat="-33.93394" lon="23.60435">
    <ele>289.94</ele>
   </trkpt>
   <trkpt lat="-33.93401" lon="23.60431">
    <ele>289.47</ele>
   </trkpt>
   <trkpt lat="-33.93435" lon="23.60413">
    <ele>286.46999999999997</ele>
   </trkpt>
   <trkpt lat="-33.93457" lon="23.603920000000002">
    <ele>285.01000000000005</ele>
   </trkpt>
   <trkpt lat="-33.93473" lon="23.603610000000003">
    <ele>282.72</ele>
   </trkpt>
   <trkpt lat="-33.93468" lon="23.603340000000003">
    <ele>282.33000000000004</ele>
   </trkpt>
   <trkpt lat="-33.9347" lon="23.602970000000003">
    <ele>282.69</ele>
   </trkpt>
   <trkpt lat="-33.93473" lon="23.60293">
    <ele>282.59</ele>
   </trkpt>
   <trkpt lat="-33.93477" lon="23.602590000000003">
    <ele>282.94</ele>
   </trkpt>
   <trkpt lat="-33.93475" lon="23.602300000000003">
    <ele>284.7</ele>
   </trkpt>
   <trkpt lat="-33.93477" lon="23.602100000000004">
    <ele>284.92</ele>
   </trkpt>
   <trkpt lat="-33.93493" lon="23.60181">
    <ele>283.46999999999997</ele>
   </trkpt>
   <trkpt lat="-33.9352" lon="23.601750000000003">
    <ele>280.79</ele>
   </trkpt>
   <trkpt lat="-33.93542" lon="23.601630000000004">
    <ele>279.11</ele>
   </trkpt>
   <trkpt lat="-33.93571" lon="23.6014">
    <ele>275.47</ele>
   </trkpt>
   <trkpt lat="-33.93625" lon="23.60114">
    <ele>271.62</ele>
   </trkpt>
   <trkpt lat="-33.93656" lon="23.601210000000002">
    <ele>269.68</ele>
   </trkpt>
   <trkpt lat="-33.93688" lon="23.601470000000003">
    <ele>268.91</ele>
   </trkpt>
   <trkpt lat="-33.9371" lon="23.60162">
    <ele>266.96000000000004</ele>
   </trkpt>
   <trkpt lat="-33.93723" lon="23.60168">
    <ele>266.43</ele>
   </trkpt>
   <trkpt lat="-33.93741" lon="23.60172">
    <ele>265.46000000000004</ele>
   </trkpt>
   <trkpt lat="-33.937630000000006" lon="23.60171">
    <ele>265.0</ele>
   </trkpt>
   <trkpt lat="-33.93788" lon="23.601730000000003">
    <ele>264.61</ele>
   </trkpt>
   <trkpt lat="-33.93806" lon="23.6018">
    <ele>264.88</ele>
   </trkpt>
   <trkpt lat="-33.93829" lon="23.601960000000002">
    <ele>264.76</ele>
   </trkpt>
   <trkpt lat="-33.93858" lon="23.602110000000003">
    <ele>264.99</ele>
   </trkpt>
   <trkpt lat="-33.93898" lon="23.602110000000003">
    <ele>266.19000000000005</ele>
   </trkpt>
   <trkpt lat="-33.93914" lon="23.60219">
    <ele>267.57000000000005</ele>
   </trkpt>
   <trkpt lat="-33.9392" lon="23.60234">
    <ele>268.43</ele>
   </trkpt>
   <trkpt lat="-33.9392" lon="23.602490000000003">
    <ele>268.66</ele>
   </trkpt>
   <trkpt lat="-33.93914" lon="23.602950000000003">
    <ele>268.11</ele>
   </trkpt>
   <trkpt lat="-33.93914" lon="23.6031">
    <ele>267.19000000000005</ele>
   </trkpt>
   <trkpt lat="-33.93916" lon="23.603150000000003">
    <ele>266.79</ele>
   </trkpt>
   <trkpt lat="-33.9392" lon="23.60321">
    <ele>266.34000000000003</ele>
   </trkpt>
   <trkpt lat="-33.93947" lon="23.603440000000003">
    <ele>263.16</ele>
   </trkpt>
   <trkpt lat="-33.93976" lon="23.603600000000004">
    <ele>263.66</ele>
   </trkpt>
   <trkpt lat="-33.93992" lon="23.603740000000002">
    <ele>264.74</ele>
   </trkpt>
   <trkpt lat="-33.94014" lon="23.604020000000002">
    <ele>265.57000000000005</ele>
   </trkpt>
   <trkpt lat="-33.94023" lon="23.604070000000004">
    <ele>265.56</ele>
   </trkpt>
   <trkpt lat="-33.94077" lon="23.603900000000003">
    <ele>265.5</ele>
   </trkpt>
   <trkpt lat="-33.94131" lon="23.603810000000003">
    <ele>265.57000000000005</ele>
   </trkpt>
   <trkpt lat="-33.94158" lon="23.603720000000003">
    <ele>265.51</ele>
   </trkpt>
   <trkpt lat="-33.94205" lon="23.60366">
    <ele>265.31000000000006</ele>
   </trkpt>
   <trkpt lat="-33.94245" lon="23.603700000000003">
    <ele>265.08000000000004</ele>
   </trkpt>
   <trkpt lat="-33.94274" lon="23.603620000000003">
    <ele>264.99</ele>
   </trkpt>
   <trkpt lat="-33.94294" lon="23.603320000000004">
    <ele>264.51</ele>
   </trkpt>
   <trkpt lat="-33.94301" lon="23.60312">
    <ele>264.14000000000004</ele>
   </trkpt>
   <trkpt lat="-33.94326" lon="23.602700000000002">
    <ele>263.27</ele>
   </trkpt>
   <trkpt lat="-33.94355" lon="23.602300000000003">
    <ele>261.22</ele>
   </trkpt>
   <trkpt lat="-33.94415" lon="23.60181">
    <ele>258.52000000000004</ele>
   </trkpt>
   <trkpt lat="-33.94437" lon="23.601750000000003">
    <ele>258.09999999999997</ele>
   </trkpt>
   <trkpt lat="-33.9448" lon="23.601820000000004">
    <ele>258.15000000000003</ele>
   </trkpt>
   <trkpt lat="-33.94549" lon="23.60198">
    <ele>257.64000000000004</ele>
   </trkpt>
   <trkpt lat="-33.94603" lon="23.602140000000002">
    <ele>256.83</ele>
   </trkpt>
   <trkpt lat="-33.9465900000751" lon="23.602125000096706">
    <ele>255.12</ele>
   </trkpt>
   <trkpt lat="-33.94715" lon="23.602110000000003">
    <ele>253.57000000000002</ele>
   </trkpt>
   <trkpt lat="-33.947100000000006" lon="23.602110000000003">
    <ele>253.71000000000004</ele>
   </trkpt>
   <trkpt lat="-33.94742" lon="23.602110000000003">
    <ele>253.04999999999998</ele>
   </trkpt>
   <trkpt lat="-33.94782" lon="23.60219">
    <ele>251.4</ele>
   </trkpt>
   <trkpt lat="-33.94847" lon="23.602500000000003">
    <ele>249.89000000000001</ele>
   </trkpt>
   <trkpt lat="-33.9487" lon="23.602590000000003">
    <ele>249.92000000000002</ele>
   </trkpt>
   <trkpt lat="-33.94928" lon="23.602690000000003">
    <ele>249.48</ele>
   </trkpt>
   <trkpt lat="-33.94979" lon="23.60282">
    <ele>249.38000000000002</ele>
   </trkpt>
   <trkpt lat="-33.95042" lon="23.60291">
    <ele>249.13000000000002</ele>
   </trkpt>
   <trkpt lat="-33.951" lon="23.602780000000003">
    <ele>248.67000000000002</ele>
   </trkpt>
   <trkpt lat="-33.95118" lon="23.602780000000003">
    <ele>248.67000000000002</ele>
   </trkpt>
   <trkpt lat="-33.95136" lon="23.60282">
    <ele>248.44000000000003</ele>
   </trkpt>
   <trkpt lat="-33.952025001062474" lon="23.603114993087182">
    <ele>248.08</ele>
   </trkpt>
   <trkpt lat="-33.95269000142132" lon="23.60340999078485">
    <ele>246.81000000000003</ele>
   </trkpt>
   <trkpt lat="-33.953355001076496" lon="23.603704993093206">
    <ele>246.14000000000001</ele>
   </trkpt>
   <trkpt lat="-33.95402" lon="23.604000000000003">
    <ele>244.84000000000003</ele>
   </trkpt>
   <trkpt lat="-33.95472250085343" lon="23.604267493368955">
    <ele>244.43</ele>
   </trkpt>
   <trkpt lat="-33.955425001128276" lon="23.604534991154807">
    <ele>243.62000000000003</ele>
   </trkpt>
   <trkpt lat="-33.956127500824515" lon="23.60480249335775">
    <ele>242.14000000000001</ele>
   </trkpt>
   <trkpt lat="-33.956830000000004" lon="23.60507">
    <ele>240.59000000000003</ele>
   </trkpt>
   <trkpt lat="-33.95682" lon="23.60508">
    <ele>241.88</ele>
   </trkpt>
   <trkpt lat="-33.95675" lon="23.60556">
    <ele>242.37000000000003</ele>
   </trkpt>
  </trkseg>
 </trk>
</gpx>
